BPM,Energy,Danceability,Loudness,Liveness,Valence,Length,Acousticness,Speechiness,Popularity,is_recent,genre_0,genre_1,genre_2,genre_3,genre_4,genre_5,genre_6
123,73,48,-8,11,87,140,57,17,65,1,0,0,0,0,1,0,0
99,21,34,-17,18,29,218,40,3,70,0,0,0,0,0,1,0,0
71,58,39,-7,22,38,295,47,3,63,0,1,0,0,0,0,0,0
135,23,40,-9,11,28,222,89,4,61,1,0,0,0,1,0,0,0
159,16,41,-22,12,42,199,88,3,77,0,0,1,0,0,0,0,0
105,59,43,-6,24,15,330,2,3,45,1,0,0,0,1,0,0,0
74,30,43,-14,23,16,278,70,3,61,0,0,0,1,0,0,0,0
94,34,38,-11,8,8,217,9,3,39,1,0,1,0,0,0,0,0
157,93,23,-5,93,28,403,29,17,32,1,0,0,1,0,0,0,0
140,95,58,-9,47,30,456,0,4,65,1,1,0,0,0,0,0,0
170,39,19,-14,12,32,371,26,4,65,0,0,1,0,0,0,0,0
72,33,45,-13,14,27,184,82,4,73,1,0,0,0,0,0,1,0
106,67,56,-7,9,60,243,2,3,58,0,0,1,0,0,0,0,0
98,56,70,-7,28,51,183,25,5,68,1,0,0,0,0,0,1,0
89,75,61,-9,14,61,277,32,9,48,0,0,0,1,0,0,0,0
143,63,57,-12,25,87,258,49,3,65,0,0,1,0,0,0,0,0
106,85,54,-6,60,60,299,7,3,59,0,0,1,0,0,0,0,0
166,29,38,-8,12,17,201,95,5,75,1,0,0,1,0,0,0,0
104,72,55,-12,11,72,435,25,3,74,0,0,1,0,0,0,0,0
82,50,33,-16,13,11,1367,11,4,48,0,0,1,0,0,0,0,0
116,74,67,-5,24,75,201,29,5,82,1,0,0,0,0,0,1,0
130,80,41,-3,18,47,223,22,4,76,0,0,1,0,0,0,0,0
104,59,56,-5,13,14,268,21,3,78,1,0,1,0,0,0,0,0
102,63,68,-9,31,48,261,36,3,60,0,0,1,0,0,0,0,0
143,43,47,-12,23,24,271,18,3,62,0,1,0,0,0,0,0,0
125,40,50,-9,12,15,225,34,3,25,1,0,0,0,0,0,1,0
92,69,76,-5,57,73,297,3,5,56,1,0,0,0,0,0,1,0
170,66,46,-9,33,53,274,3,6,72,1,0,1,0,0,0,0,0
121,80,96,-5,9,84,430,0,15,70,0,0,0,1,0,0,0,0
129,37,43,-10,32,19,278,37,3,68,0,0,0,0,0,1,0,0
103,61,71,-14,8,88,195,4,3,44,0,0,0,0,0,0,1,0
140,24,25,-14,7,21,421,68,3,46,0,0,0,0,0,0,1,0
167,58,65,-10,7,92,146,41,8,73,0,0,0,0,0,1,0,0
84,20,59,-11,9,17,255,90,3,75,1,1,0,0,0,0,0,0
194,93,49,-4,37,92,203,61,7,63,0,0,0,1,0,0,0,0
153,64,36,-10,13,45,272,1,4,55,0,0,1,0,0,0,0,0
87,55,27,-10,10,43,386,4,5,63,0,0,1,0,0,0,0,0
125,80,74,-6,26,89,269,18,4,70,0,0,1,0,0,0,0,0
100,57,74,-8,10,57,209,51,4,52,1,0,0,0,1,0,0,0
75,41,52,-13,35,28,511,20,3,59,0,0,1,0,0,0,0,0
91,82,67,-7,97,80,317,10,5,40,0,0,0,1,0,0,0,0
137,34,54,-14,13,30,236,46,4,49,0,0,1,0,0,0,0,0
168,47,28,-8,16,25,257,24,3,66,0,0,0,0,0,1,0,0
120,48,36,-12,18,36,414,52,8,70,0,0,1,0,0,0,0,0
136,98,54,-8,8,52,225,17,5,61,1,0,0,1,0,0,0,0
117,58,30,-7,10,23,271,0,3,69,0,0,1,0,0,0,0,0
73,40,41,-8,16,21,259,58,3,49,0,0,1,0,0,0,0,0
97,78,41,-9,8,71,199,31,6,71,0,0,1,0,0,0,0,0
92,64,56,-8,14,61,234,49,3,42,0,0,0,0,1,0,0,0
117,34,65,-12,7,39,280,49,4,58,0,0,1,0,0,0,0,0
104,57,77,-6,11,61,165,9,3,36,1,0,0,0,1,0,0,0
172,96,60,-4,25,57,188,20,5,47,1,0,0,1,0,0,0,0
138,56,74,-10,8,98,170,11,4,49,1,0,0,0,1,0,0,0
144,26,36,-11,11,49,179,91,3,58,0,0,0,0,0,0,0,1
121,62,88,-9,5,30,384,0,5,63,1,0,0,1,0,0,0,0
110,77,56,-7,22,71,209,0,3,48,1,0,1,0,0,0,0,0
184,44,27,-9,10,8,252,41,3,46,1,0,0,0,0,0,1,0
92,84,41,-6,37,39,242,3,5,55,0,0,1,0,0,0,0,0
179,54,29,-8,12,16,251,29,4,39,1,0,0,1,0,0,0,0
115,75,48,-9,26,42,261,43,8,73,0,1,0,0,0,0,0,0
96,65,83,-3,9,93,234,58,8,87,1,0,0,0,0,0,1,0
118,77,53,-5,12,30,257,0,4,54,1,1,0,0,0,0,0,0
131,72,49,-6,31,87,146,39,5,75,1,0,0,0,0,0,0,1
79,27,34,-16,26,14,210,61,3,44,0,0,0,0,0,0,1,0
137,49,76,-11,21,88,257,67,3,46,0,0,1,0,0,0,0,0
177,32,29,-12,12,38,201,80,3,72,0,0,1,0,0,0,0,0
167,61,24,-8,22,33,258,66,3,68,0,0,0,0,0,0,1,0
203,82,27,-6,36,81,233,10,10,69,0,0,0,1,0,0,0,0
76,39,26,-11,11,12,229,6,3,71,0,1,0,0,0,0,0,0
95,43,48,-8,16,65,153,18,3,75,0,0,1,0,0,0,0,0
115,60,62,-8,12,58,228,14,4,24,0,0,0,0,1,0,0,0
153,84,32,-4,8,22,258,0,5,43,1,1,0,0,0,0,0,0
129,72,61,-8,36,80,218,29,3,64,1,0,1,0,0,0,0,0
110,89,64,-7,16,97,199,9,3,69,0,0,1,0,0,0,0,0
138,42,21,-9,11,12,296,16,3,81,1,0,0,1,0,0,0,0
129,49,72,-15,9,80,253,11,3,68,0,0,1,0,0,0,0,0
145,89,64,-5,34,94,167,14,4,33,0,0,1,0,0,0,0,0
132,93,64,-6,13,90,271,14,3,64,0,0,1,0,0,0,0,0
96,63,66,-10,60,84,215,21,6,53,1,0,0,0,1,0,0,0
112,36,48,-13,30,32,410,47,4,43,0,0,1,0,0,0,0,0
77,29,55,-17,4,49,256,33,3,74,0,0,0,0,0,0,1,0
128,85,77,-6,7,87,271,21,4,78,0,0,1,0,0,0,0,0
71,53,52,-8,5,43,146,18,8,69,0,0,1,0,0,0,0,0
117,45,82,-10,7,74,254,54,3,84,0,0,1,0,0,0,0,0
93,84,64,-8,21,89,216,42,4,26,1,0,0,1,0,0,0,0
123,16,46,-17,18,10,333,38,3,72,0,0,1,0,0,0,0,0
204,41,62,-12,9,74,252,68,4,65,0,0,0,0,0,0,1,0
78,31,51,-10,13,22,223,93,5,47,0,0,0,0,0,0,1,0
96,70,49,-12,15,78,236,4,6,75,0,0,1,0,0,0,0,0
184,82,26,-6,28,40,403,2,15,53,1,0,1,0,0,0,0,0
104,54,71,-20,9,64,93,11,4,60,0,0,0,0,0,1,0,0
108,88,54,-5,3,25,282,2,3,48,1,0,1,0,0,0,0,0
141,76,37,-6,53,66,289,62,4,66,0,0,1,0,0,0,0,0
126,49,51,-10,11,65,180,26,3,69,0,0,0,0,0,0,1,0
87,35,39,-7,17,44,142,86,3,64,0,0,0,1,0,0,0,0
150,82,55,-9,4,57,217,2,5,60,0,0,0,0,1,0,0,0
125,76,84,-5,3,60,251,6,9,60,0,0,1,0,0,0,0,0
117,74,64,-4,17,79,216,1,3,85,1,0,0,1,0,0,0,0
98,41,75,-15,34,24,286,7,4,66,0,0,1,0,0,0,0,0
87,35,27,-9,33,33,180,55,3,74,0,0,0,0,0,1,0,0
95,64,30,-8,25,33,241,0,3,54,0,0,0,1,0,0,0,0
113,94,73,-12,15,92,213,14,4,66,0,0,0,0,0,0,1,0
130,48,55,-8,10,18,270,48,3,50,1,0,0,0,1,0,0,0
76,55,35,-7,11,8,286,42,3,74,1,0,0,0,0,0,0,1
112,76,49,-6,9,44,371,0,3,75,0,0,1,0,0,0,0,0
129,23,42,-17,22,20,232,63,4,59,0,0,0,0,0,1,0,0
160,85,58,-7,12,91,187,7,10,48,0,0,0,1,0,0,0,0
103,69,52,-11,11,93,229,10,3,59,0,0,1,0,0,0,0,0
74,42,69,-11,8,47,193,8,3,72,0,0,0,1,0,0,0,0
124,46,93,-9,6,76,256,14,31,73,0,0,0,1,0,0,0,0
131,70,32,-8,11,25,443,2,4,37,0,0,1,0,0,0,0,0
132,63,55,-12,37,79,186,3,3,46,0,0,0,0,1,0,0,0
89,59,39,-11,15,30,525,19,4,49,0,0,1,0,0,0,0,0
120,82,50,-6,9,54,219,0,4,72,0,1,0,0,0,0,0,0
109,78,44,-5,14,61,212,14,3,47,0,0,1,0,0,0,0,0
83,53,66,-9,14,61,230,89,17,49,1,0,0,0,1,0,0,0
99,47,87,-10,13,64,234,62,4,40,0,0,0,0,1,0,0,0
150,92,35,-2,34,54,226,0,5,53,1,1,0,0,0,0,0,0
140,98,32,-7,9,23,166,0,17,74,0,0,1,0,0,0,0,0
86,58,54,-5,11,34,328,11,3,76,0,0,0,1,0,0,0,0
158,88,41,-6,8,36,251,0,4,77,0,1,0,0,0,0,0,0
90,30,64,-10,10,44,238,62,3,36,1,0,0,0,1,0,0,0
87,66,63,-9,7,75,343,12,3,68,0,0,1,0,0,0,0,0
61,36,34,-11,33,9,312,11,3,50,0,0,0,0,1,0,0,0
78,20,24,-14,11,27,345,98,3,19,1,0,0,0,0,0,1,0
135,43,70,-11,10,56,194,33,38,95,1,0,0,1,0,0,0,0
122,72,62,-10,76,89,176,20,4,48,0,0,0,0,0,1,0,0
122,77,30,-3,12,9,467,0,3,52,1,1,0,0,0,0,0,0
115,78,62,-9,22,63,252,7,3,57,0,0,1,0,0,0,0,0
68,45,44,-7,11,24,305,89,4,55,0,0,1,0,0,0,0,0
83,25,42,-14,11,21,219,84,3,70,1,0,0,1,0,0,0,0
170,61,45,-7,9,48,209,2,3,36,1,0,0,0,1,0,0,0
87,11,70,-15,7,52,108,94,55,58,0,0,1,0,0,0,0,0
75,38,40,-7,12,23,277,70,3,73,0,0,0,0,0,1,0,0
120,69,79,-4,14,22,243,8,3,59,1,1,0,0,0,0,0,0
105,50,70,-13,32,68,222,6,3,68,0,0,1,0,0,0,0,0
168,7,17,-21,14,10,298,92,3,66,0,0,0,0,0,1,0,0
85,60,27,-10,19,29,575,2,4,41,0,0,1,0,0,0,0,0
98,73,60,-7,14,29,264,1,3,72,1,0,0,0,0,0,1,0
89,65,62,-9,7,63,330,6,4,54,0,0,1,0,0,0,0,0
81,25,39,-11,10,20,177,79,4,59,0,0,0,0,0,1,0,0
128,91,60,-4,12,41,305,0,8,76,1,0,1,0,0,0,0,0
90,41,63,-13,31,70,291,6,3,41,0,0,0,0,1,0,0,0
88,69,43,-8,36,52,203,6,6,51,0,0,1,0,0,0,0,0
125,74,69,-6,8,84,197,15,3,42,1,0,1,0,0,0,0,0
121,39,72,-17,5,79,187,16,3,60,0,0,1,0,0,0,0,0
120,79,66,-7,6,71,240,5,3,44,0,0,1,0,0,0,0,0
138,74,43,-7,33,9,285,2,4,67,1,0,0,1,0,0,0,0
168,60,54,-11,8,64,291,4,5,69,0,0,0,1,0,0,0,0
100,75,56,-13,33,64,283,61,11,68,0,0,1,0,0,0,0,0
141,30,71,-12,10,48,203,44,3,44,1,0,1,0,0,0,0,0
175,59,23,-9,13,55,204,31,4,35,0,0,0,0,0,1,0,0
90,43,39,-9,11,43,326,24,4,64,0,1,0,0,0,0,0,0
98,54,64,-13,28,94,181,49,3,65,0,0,0,0,0,1,0,0
114,34,44,-11,10,8,266,4,3,65,1,1,0,0,0,0,0,0
169,70,44,-8,28,78,217,1,4,39,0,0,1,0,0,0,0,0
152,88,51,-5,7,68,268,0,3,57,1,1,0,0,0,0,0,0
156,91,48,-4,5,54,267,4,19,59,1,0,0,0,0,0,1,0
125,53,68,-13,6,35,266,42,9,60,0,0,1,0,0,0,0,0
177,80,54,-9,8,89,220,7,3,56,0,0,0,0,0,0,1,0
122,72,36,-10,36,47,360,2,4,55,0,0,1,0,0,0,0,0
99,70,69,-6,16,48,214,22,3,77,1,0,0,1,0,0,0,0
77,89,69,-6,3,91,182,9,3,56,1,0,0,0,0,0,1,0
137,53,60,-9,9,34,282,43,3,82,0,0,1,0,0,0,0,0
128,37,61,-9,11,35,226,84,3,64,1,0,0,0,0,1,0,0
127,60,62,-9,7,96,179,72,3,73,0,0,0,0,0,1,0,0
81,25,25,-17,21,32,264,91,3,37,0,0,0,0,1,0,0,0
186,54,30,-8,12,54,203,16,4,50,1,0,0,0,0,0,1,0
119,60,83,-14,8,92,246,18,6,62,0,0,0,0,0,0,1,0
71,63,51,-9,15,50,214,10,19,49,1,0,0,0,0,0,1,0
125,39,48,-11,12,52,269,37,3,68,0,0,0,0,0,0,1,0
132,84,61,-7,8,54,236,0,4,40,1,0,0,0,1,0,0,0
94,60,81,-10,6,75,239,12,6,71,0,0,0,1,0,0,0,0
96,21,57,-16,13,49,225,65,3,73,0,0,1,0,0,0,0,0
89,25,53,-15,12,24,276,71,3,60,0,0,0,0,0,1,0,0
123,75,59,-11,34,66,339,0,3,44,1,0,1,0,0,0,0,0
86,75,52,-7,20,70,273,36,5,44,1,0,1,0,0,0,0,0
141,66,38,-6,8,33,353,12,3,76,0,0,0,1,0,0,0,0
148,48,81,-10,5,62,180,1,6,78,0,0,0,1,0,0,0,0
142,85,53,-12,30,91,239,31,4,52,0,0,0,0,1,0,0,0
134,26,54,-12,15,64,148,85,3,58,0,0,0,0,0,1,0,0
99,87,55,-6,17,54,234,1,3,77,1,1,0,0,0,0,0,0
120,49,60,-7,12,9,270,50,3,72,1,1,0,0,0,0,0,0
138,78,48,-8,8,18,319,1,5,53,1,0,0,0,1,0,0,0
184,34,38,-13,10,69,179,81,4,65,0,0,0,0,0,1,0,0
150,63,34,-7,7,35,241,16,4,95,0,0,0,0,0,0,1,0
131,53,87,-13,20,96,250,1,8,50,0,0,0,1,0,0,0,0
100,25,55,-18,69,29,149,94,6,46,0,0,0,0,0,0,1,0
108,54,86,-9,7,87,166,58,8,73,0,0,1,0,0,0,0,0
136,14,45,-13,10,16,176,96,3,61,0,0,0,0,0,0,1,0
134,71,33,-7,13,19,532,31,3,60,1,0,0,0,0,0,1,0
98,69,67,-7,10,83,213,6,3,41,1,0,0,0,1,0,0,0
128,36,38,-11,29,24,251,71,4,38,0,0,0,0,0,0,1,0
100,85,58,-5,9,58,197,11,3,65,1,1,0,0,0,0,0,0
132,88,49,-5,37,52,282,0,3,65,0,0,1,0,0,0,0,0
81,65,52,-7,26,72,259,34,3,73,0,0,0,1,0,0,0,0
115,56,81,-5,5,97,148,16,4,73,0,0,0,0,0,1,0,0
111,27,90,-12,5,74,226,1,9,74,0,0,0,1,0,0,0,0
131,71,78,-9,6,61,414,46,19,39,1,0,0,0,1,0,0,0
84,79,10,-4,36,18,277,0,4,55,0,0,0,1,0,0,0,0
123,13,50,-18,36,21,401,35,8,51,0,0,1,0,0,0,0,0
127,79,48,-6,45,79,323,0,3,75,0,0,1,0,0,0,0,0
135,31,41,-10,7,7,653,31,4,56,0,0,1,0,0,0,0,0
155,47,34,-11,10,16,237,38,3,59,0,0,1,0,0,0,0,0
174,94,25,-5,16,46,234,3,7,60,0,0,1,0,0,0,0,0
76,77,46,-5,14,35,234,1,3,51,1,0,0,0,0,0,1,0
127,63,43,-12,11,74,220,3,4,65,0,0,1,0,0,0,0,0
103,81,71,-4,7,73,257,1,3,74,1,0,0,0,0,0,0,1
88,40,37,-13,8,27,189,4,3,27,1,0,1,0,0,0,0,0
113,81,64,-8,8,82,257,16,3,65,0,0,1,0,0,0,0,0
166,87,36,-8,10,61,194,0,7,73,1,1,0,0,0,0,0,0
76,56,59,-15,8,84,388,11,4,38,0,0,0,0,0,0,1,0
113,42,74,-10,10,58,259,36,3,43,1,0,0,0,1,0,0,0
168,94,32,-7,10,54,178,3,10,71,0,1,0,0,0,0,0,0
84,37,45,-16,8,26,274,48,3,49,0,0,0,0,0,0,1,0
179,54,45,-7,6,61,266,68,3,62,0,0,0,1,0,0,0,0
95,41,54,-13,10,82,185,16,3,62,0,0,0,0,0,1,0,0
130,42,53,-10,14,22,197,14,3,62,0,1,0,0,0,0,0,0
112,67,91,-3,24,66,290,0,7,82,1,0,0,1,0,0,0,0
143,90,72,-4,7,96,189,9,10,72,0,1,0,0,0,0,0,0
107,22,53,-14,11,33,185,84,3,75,0,0,1,0,0,0,0,0
98,94,62,-5,7,76,176,3,3,76,0,0,0,1,0,0,0,0
77,70,41,-9,11,37,309,22,3,64,0,0,1,0,0,0,0,0
114,77,56,-9,21,43,338,7,4,46,0,0,1,0,0,0,0,0
97,55,62,-8,30,31,270,19,2,66,1,0,0,1,0,0,0,0
114,44,37,-15,67,45,198,82,8,15,1,0,0,0,1,0,0,0
102,56,78,-7,6,37,322,74,3,74,0,0,0,1,0,0,0,0
87,40,14,-9,12,4,295,58,4,51,0,0,1,0,0,0,0,0
123,69,69,-5,9,49,212,39,3,73,1,0,0,0,0,1,0,0
104,46,31,-9,14,32,213,42,3,69,0,0,0,0,0,1,0,0
123,92,45,-5,33,8,224,0,7,68,1,0,0,1,0,0,0,0
136,92,37,-7,42,63,296,1,5,63,0,0,1,0,0,0,0,0
104,6,49,-24,10,6,409,83,4,53,0,0,0,1,0,0,0,0
109,52,57,-11,13,33,252,5,3,17,1,0,0,0,1,0,0,0
92,90,50,-7,15,67,275,1,6,30,1,0,0,0,1,0,0,0
76,40,34,-9,11,7,291,76,4,47,0,0,0,0,0,1,0,0
149,20,28,-17,13,16,809,49,3,31,1,0,1,0,0,0,0,0
98,64,48,-12,8,73,202,6,3,49,0,0,1,0,0,0,0,0
114,71,67,-8,10,47,248,42,5,72,0,0,1,0,0,0,0,0
94,48,31,-9,8,19,331,14,3,61,0,1,0,0,0,0,0,0
99,51,60,-11,11,60,274,20,2,62,0,0,1,0,0,0,0,0
105,88,66,-5,14,86,238,2,4,66,1,0,1,0,0,0,0,0
174,72,43,-6,9,69,268,10,4,78,1,0,0,0,0,0,1,0
124,89,77,-9,6,97,261,7,4,16,1,0,0,0,0,0,1,0
140,57,34,-7,42,37,257,6,3,30,1,0,0,0,0,0,1,0
114,59,49,-6,9,19,270,3,5,76,1,0,0,0,0,0,1,0
117,72,49,-8,29,15,300,31,4,77,0,0,1,0,0,0,0,0
105,81,55,-5,10,15,286,2,3,77,1,0,1,0,0,0,0,0
103,91,57,-4,13,56,289,8,4,64,0,0,1,0,0,0,0,0
142,70,46,-10,9,51,428,29,7,61,0,0,1,0,0,0,0,0
76,24,18,-15,11,12,235,42,4,56,0,0,0,0,0,1,0,0
140,51,80,-9,4,52,243,5,6,67,0,0,1,0,0,0,0,0
116,78,65,-7,10,63,203,13,4,49,1,0,0,0,0,0,1,0
135,37,24,-8,9,30,251,84,3,66,0,0,0,0,0,1,0,0
128,21,38,-12,11,39,215,94,3,63,0,0,0,0,0,0,0,1
113,83,74,-6,38,82,189,8,12,79,0,0,1,0,0,0,0,0
103,69,55,-4,8,56,161,10,3,42,1,0,0,0,1,0,0,0
154,58,27,-8,11,20,308,1,4,58,1,0,1,0,0,0,0,0
87,33,63,-15,13,64,229,83,3,39,0,0,1,0,0,0,0,0
90,26,75,-15,12,13,206,70,4,45,0,0,0,0,1,0,0,0
104,60,66,-9,10,26,399,13,3,39,0,0,1,0,0,0,0,0
112,92,64,-4,15,53,264,0,4,74,1,0,0,1,0,0,0,0
140,44,30,-13,18,43,319,7,3,73,0,0,1,0,0,0,0,0
103,44,69,-11,11,44,146,45,3,74,0,0,0,0,0,0,0,1
146,40,38,-7,10,19,256,78,3,49,1,1,0,0,0,0,0,0
106,27,72,-8,11,18,227,73,3,62,1,0,0,0,0,0,0,1
137,30,59,-10,12,14,240,69,4,72,1,0,0,0,0,0,1,0
140,86,79,-6,35,77,219,13,32,77,1,0,0,1,0,0,0,0
80,21,15,-14,12,26,293,82,3,71,0,0,1,0,0,0,0,0
150,83,38,-7,7,45,220,0,6,49,1,0,0,0,0,0,1,0
130,32,53,-17,97,46,281,53,8,41,1,0,0,0,1,0,0,0
129,16,63,-21,12,18,239,93,3,43,0,0,0,0,0,0,1,0
94,52,56,-12,94,64,289,32,5,70,0,0,1,0,0,0,0,0
85,48,20,-5,7,17,269,47,3,68,0,0,1,0,0,0,0,0
133,76,41,-9,8,39,511,7,7,66,0,0,1,0,0,0,0,0
104,63,67,-7,9,55,248,0,3,73,1,0,0,0,0,0,1,0
136,65,64,-6,12,76,232,43,3,49,1,0,0,0,0,0,1,0
127,81,56,-6,29,64,233,1,3,65,0,0,1,0,0,0,0,0
110,89,60,-9,17,53,323,10,5,44,0,0,0,1,0,0,0,0
104,97,39,-6,10,69,314,3,4,68,0,1,0,0,0,0,0,0
81,90,39,-7,11,20,255,4,7,60,0,1,0,0,0,0,0,0
120,74,71,-11,26,87,266,27,5,62,0,0,1,0,0,0,0,0
115,8,67,-27,17,28,228,67,4,42,0,0,0,0,0,0,1,0
130,94,37,-5,19,37,256,0,7,75,1,1,0,0,0,0,0,0
90,86,57,-6,36,31,248,6,9,48,0,0,1,0,0,0,0,0
124,71,46,-9,13,41,174,21,4,50,0,0,1,0,0,0,0,0
121,32,50,-14,38,28,321,72,5,47,0,0,1,0,0,0,0,0
81,39,14,-13,10,30,404,30,5,43,1,0,1,0,0,0,0,0
124,99,45,-4,27,32,273,2,9,72,0,0,0,1,0,0,0,0
130,41,61,-9,23,23,223,54,3,63,1,0,0,1,0,0,0,0
134,58,30,-6,7,18,576,37,3,51,0,0,1,0,0,0,0,0
120,32,43,-21,98,52,193,20,17,41,0,0,1,0,0,0,0,0
137,72,28,-5,20,17,231,1,4,76,1,0,1,0,0,0,0,0
178,29,30,-16,29,14,280,67,5,31,0,0,0,0,0,0,1,0
138,44,46,-9,10,15,294,66,3,39,1,0,0,0,0,0,1,0
147,51,58,-9,6,61,391,1,3,82,0,0,1,0,0,0,0,0
107,66,45,-7,26,78,287,66,5,68,0,0,0,0,0,0,1,0
123,73,54,-6,16,51,219,1,3,51,1,0,1,0,0,0,0,0
75,64,37,-6,17,20,355,0,3,65,1,0,1,0,0,0,0,0
112,68,60,-11,30,71,258,21,3,57,0,0,1,0,0,0,0,0
121,41,83,-14,5,88,324,46,13,44,1,0,0,0,1,0,0,0
119,24,75,-15,9,43,216,83,12,68,0,0,0,0,0,1,0,0
77,17,27,-21,12,20,139,73,4,68,0,0,0,0,0,1,0,0
112,77,65,-6,59,38,214,23,6,54,1,0,0,0,0,0,1,0
130,50,55,-6,76,30,210,30,4,81,1,0,0,0,0,0,1,0
139,45,59,-9,13,51,291,70,4,68,0,0,1,0,0,0,0,0
85,87,42,-4,12,63,203,7,6,70,1,0,1,0,0,0,0,0
120,32,74,-13,8,29,193,72,3,57,0,0,0,1,0,0,0,0
137,48,49,-9,24,33,227,42,3,74,0,0,1,0,0,0,0,0
77,68,36,-6,34,20,343,32,3,75,0,1,0,0,0,0,0,0
169,38,23,-14,13,33,261,75,3,51,0,0,1,0,0,0,0,0
132,29,55,-12,4,12,395,33,3,55,0,0,1,0,0,0,0,0
119,4,47,-22,11,18,311,95,4,63,0,0,0,1,0,0,0,0
145,59,43,-5,30,19,227,6,3,70,1,0,0,1,0,0,0,0
132,71,42,-11,3,64,205,14,3,19,1,0,0,0,1,0,0,0
124,33,76,-10,24,24,246,73,3,75,1,0,0,1,0,0,0,0
130,70,48,-8,31,83,249,40,4,52,0,0,1,0,0,0,0,0
107,69,69,-8,20,93,244,17,3,63,0,0,0,1,0,0,0,0
134,92,59,-5,27,63,241,6,6,48,1,0,0,1,0,0,0,0
149,81,52,-4,12,53,192,0,3,42,1,0,0,1,0,0,0,0
138,32,26,-12,13,17,211,89,3,59,0,0,0,0,0,1,0,0
117,27,39,-14,11,17,275,17,3,56,0,0,1,0,0,0,0,0
92,76,52,-5,57,63,219,42,3,43,1,0,0,1,0,0,0,0
181,53,39,-9,16,33,276,25,4,77,0,0,1,0,0,0,0,0
125,96,46,-5,9,37,261,0,7,44,0,0,0,0,0,0,1,0
94,21,70,-12,11,72,128,84,7,63,0,0,0,0,0,1,0,0
92,38,59,-12,10,45,279,27,5,67,0,0,0,0,0,0,1,0
160,80,49,-10,7,97,174,27,4,71,0,0,0,0,0,0,0,1
84,13,21,-14,96,17,272,73,3,31,0,0,0,0,0,1,0,0
134,41,46,-8,10,9,227,50,3,63,1,0,0,0,0,0,1,0
96,80,22,-6,9,26,291,0,4,37,0,1,0,0,0,0,0,0
89,76,36,-8,37,17,564,1,3,63,0,0,0,1,0,0,0,0
168,82,51,-11,14,7,232,0,3,51,1,0,0,1,0,0,0,0
130,68,64,-12,5,71,225,1,4,61,0,0,1,0,0,0,0,0
81,35,48,-10,12,71,120,78,3,63,0,0,0,0,0,0,0,1
113,95,65,-7,29,61,286,1,4,68,0,0,0,0,0,0,1,0
142,48,57,-6,10,16,244,26,3,32,1,0,1,0,0,0,0,0
154,24,50,-12,13,31,272,84,3,61,0,0,1,0,0,0,0,0
101,88,54,-7,76,75,231,38,4,72,0,0,0,1,0,0,0,0
108,72,58,-4,24,32,236,3,3,53,1,0,0,1,0,0,0,0
133,88,46,-3,11,33,247,0,6,47,1,0,0,0,0,0,1,0
132,69,34,-9,34,21,341,0,4,32,1,0,1,0,0,0,0,0
122,31,72,-19,9,51,335,9,4,45,0,0,1,0,0,0,0,0
66,9,36,-18,11,19,187,92,5,59,0,0,0,0,0,1,0,0
129,74,48,-10,5,60,218,1,8,45,0,0,0,1,0,0,0,0
127,52,55,-13,11,60,287,34,3,40,0,0,0,0,1,0,0,0
100,76,51,-7,14,35,220,1,7,51,1,0,1,0,0,0,0,0
96,35,51,-9,59,51,172,67,15,71,1,0,0,0,1,0,0,0
175,45,42,-13,10,17,219,64,4,73,0,0,1,0,0,0,0,0
103,48,40,-8,16,65,230,35,3,68,0,0,0,0,0,0,0,1
93,46,81,-13,15,74,191,78,3,70,0,0,1,0,0,0,0,0
126,86,67,-5,10,80,268,18,3,81,0,1,0,0,0,0,0,0
110,76,50,-6,9,33,287,7,3,53,1,0,1,0,0,0,0,0
127,92,63,-5,11,36,290,12,5,65,0,1,0,0,0,0,0,0
81,61,58,-10,11,46,278,16,6,53,0,0,1,0,0,0,0,0
125,92,64,-6,33,72,234,0,4,67,0,1,0,0,0,0,0,0
145,91,55,-5,35,64,180,1,7,33,1,0,0,0,1,0,0,0
111,66,87,-7,14,32,269,4,8,72,1,0,0,1,0,0,0,0
171,50,36,-6,16,39,254,0,3,13,1,0,0,0,1,0,0,0
133,36,59,-14,6,50,217,48,4,75,0,0,0,0,0,1,0,0
97,73,50,-6,20,24,231,2,3,47,1,0,0,0,1,0,0,0
172,60,53,-10,7,71,271,31,3,43,0,0,1,0,0,0,0,0
136,86,72,-8,13,93,223,4,3,77,0,0,1,0,0,0,0,0
99,57,56,-12,12,58,251,36,3,56,0,0,1,0,0,0,0,0
105,83,54,-9,15,56,515,0,4,67,0,1,0,0,0,0,0,0
99,46,54,-9,14,14,247,0,2,45,1,1,0,0,0,0,0,0
89,72,60,-5,11,55,216,8,3,77,0,1,0,0,0,0,0,0
116,83,52,-4,8,48,331,0,4,62,1,0,0,0,0,0,1,0
161,26,54,-16,8,36,394,83,5,45,0,0,1,0,0,0,0,0
81,41,66,-9,16,37,386,60,3,43,1,0,0,0,0,0,1,0
156,41,45,-11,12,32,245,74,3,51,0,1,0,0,0,0,0,0
77,13,44,-19,18,13,239,81,4,51,0,0,0,0,0,0,1,0
94,18,56,-13,7,25,223,81,3,34,1,0,0,0,1,0,0,0
115,70,68,-13,5,69,237,33,4,61,0,0,1,0,0,0,0,0
142,51,60,-10,11,35,218,5,4,67,1,0,1,0,0,0,0,0
112,67,50,-6,22,48,179,5,3,53,0,0,0,0,0,0,1,0
132,7,19,-24,11,4,148,95,4,38,0,0,0,1,0,0,0,0
152,67,55,-9,5,48,270,1,5,78,0,0,1,0,0,0,0,0
122,98,71,-7,76,58,255,3,5,51,0,0,1,0,0,0,0,0
101,69,62,-7,6,56,208,28,3,47,1,0,0,0,1,0,0,0
115,67,72,-12,5,65,231,6,4,43,1,0,1,0,0,0,0,0
76,57,46,-4,11,10,239,58,3,71,1,0,0,0,0,0,1,0
83,75,39,-7,14,27,215,78,4,57,0,0,0,0,0,0,1,0
196,93,31,-6,11,38,280,2,13,62,0,0,0,1,0,0,0,0
114,39,63,-10,10,65,182,41,4,45,0,0,0,0,0,0,0,1
72,21,46,-11,11,26,266,91,3,42,1,0,0,0,0,0,1,0
119,73,87,-8,8,63,379,14,8,68,0,0,0,1,0,0,0,0
124,78,53,-6,16,64,247,0,5,85,1,0,0,1,0,0,0,0
111,53,35,-9,8,47,256,58,3,56,0,0,0,1,0,0,0,0
114,85,88,-5,14,54,298,5,15,72,0,0,0,0,0,0,1,0
170,64,73,-6,6,65,202,5,14,83,1,0,1,0,0,0,0,0
81,20,37,-14,30,14,205,71,4,47,0,0,0,0,0,0,1,0
123,80,46,-3,8,51,255,0,6,78,0,1,0,0,0,0,0,0
126,80,63,-8,40,87,232,20,3,69,0,0,1,0,0,0,0,0
116,81,73,-7,6,25,232,3,8,55,1,0,0,0,0,0,1,0
176,47,35,-14,77,56,312,77,20,40,0,0,0,0,1,0,0,0
79,35,62,-14,9,66,206,46,3,46,0,0,0,0,1,0,0,0
145,44,42,-9,14,30,230,22,3,58,0,1,0,0,0,0,0,0
91,38,25,-14,11,51,213,14,3,60,0,0,0,0,0,1,0,0
93,38,49,-12,10,53,150,83,3,65,0,0,1,0,0,0,0,0
178,80,66,-5,7,84,229,20,15,80,1,0,0,1,0,0,0,0
116,83,64,-6,19,31,263,57,5,48,0,0,1,0,0,0,0,0
67,12,16,-18,16,24,195,88,4,56,0,0,0,0,0,1,0,0
118,39,47,-14,14,55,241,64,3,63,0,0,1,0,0,0,0,0
180,66,50,-9,21,89,240,33,4,80,1,0,1,0,0,0,0,0
134,23,35,-10,38,18,221,90,3,67,0,0,0,0,0,1,0,0
117,38,49,-11,41,71,261,4,3,72,0,0,0,0,0,1,0,0
146,44,56,-7,11,21,310,73,2,84,1,0,0,1,0,0,0,0
153,74,45,-10,23,94,201,2,6,40,0,0,0,0,1,0,0,0
121,67,60,-7,26,56,264,62,3,60,0,0,1,0,0,0,0,0
129,72,60,-8,8,56,308,50,4,43,0,0,1,0,0,0,0,0
174,38,44,-11,10,19,263,36,3,37,0,0,0,0,1,0,0,0
124,86,79,-3,8,59,215,4,11,86,1,0,0,0,0,0,1,0
174,54,65,-13,19,90,255,12,3,58,0,0,1,0,0,0,0,0
119,26,46,-8,11,23,221,92,4,46,1,0,0,0,0,0,1,0
132,33,30,-10,6,39,218,76,3,64,0,0,0,0,0,0,0,1
100,29,40,-14,11,34,182,94,3,78,0,0,0,0,0,1,0,0
103,63,48,-7,12,16,671,39,3,59,1,0,0,0,0,0,1,0
99,68,37,-9,9,34,368,1,3,41,0,0,1,0,0,0,0,0
81,42,15,-12,21,17,273,43,3,69,0,0,1,0,0,0,0,0
135,94,59,-5,7,83,224,2,4,73,0,0,1,0,0,0,0,0
206,89,38,-9,3,80,247,3,4,67,0,1,0,0,0,0,0,0
171,75,56,-8,15,35,240,27,31,69,1,0,0,1,0,0,0,0
127,86,54,-6,25,29,299,25,4,66,0,0,0,0,0,0,1,0
135,72,76,-8,95,51,280,5,24,47,1,0,0,0,1,0,0,0
175,66,39,-6,6,46,274,28,3,50,0,0,1,0,0,0,0,0
98,62,60,-7,8,5,265,0,3,45,0,0,0,1,0,0,0,0
92,73,67,-7,19,89,253,23,4,72,0,0,0,0,0,0,1,0
135,75,73,-10,20,64,179,9,3,60,0,0,0,1,0,0,0,0
126,83,60,-7,34,35,339,3,4,58,1,0,0,1,0,0,0,0
120,56,41,-11,16,16,311,1,3,63,1,0,0,1,0,0,0,0
80,33,49,-12,33,14,233,1,3,58,0,0,1,0,0,0,0,0
91,30,28,-13,12,26,210,88,3,27,1,0,0,0,1,0,0,0
131,50,42,-13,20,66,254,48,3,39,0,1,0,0,0,0,0,0
123,36,30,-9,10,15,240,81,3,58,0,0,1,0,0,0,0,0
95,79,36,-8,91,30,167,16,4,26,1,0,0,0,0,0,1,0
117,29,58,-13,11,67,162,65,3,67,0,0,0,0,0,0,0,1
123,59,76,-10,61,33,189,49,6,65,0,0,0,0,0,0,0,1
116,62,49,-7,13,8,269,2,3,51,1,1,0,0,0,0,0,0
105,46,52,-16,78,89,218,93,5,18,1,0,0,1,0,0,0,0
164,54,78,-6,22,68,274,3,6,48,1,0,0,0,0,0,1,0
98,68,62,-6,8,41,190,35,2,59,1,0,0,0,1,0,0,0
112,52,46,-9,28,35,256,65,3,45,0,0,0,0,1,0,0,0
104,44,29,-7,8,16,207,79,3,44,1,0,0,0,0,0,1,0
133,20,34,-14,34,7,287,13,3,56,1,0,0,0,0,0,1,0
82,77,56,-10,12,43,261,12,3,73,0,0,1,0,0,0,0,0
127,93,42,-4,13,29,210,0,12,80,1,1,0,0,0,0,0,0
123,55,55,-11,18,42,242,85,4,36,1,0,1,0,0,0,0,0
145,43,41,-11,15,28,377,38,3,79,0,0,1,0,0,0,0,0
136,83,51,-8,12,74,513,4,8,69,0,0,1,0,0,0,0,0
82,38,68,-10,10,23,337,42,3,50,0,0,0,0,0,0,1,0
100,73,39,-8,10,62,272,0,3,60,0,0,1,0,0,0,0,0
140,24,70,-13,9,66,158,63,5,65,0,0,0,0,0,0,0,1
133,49,52,-12,14,47,201,10,3,68,0,0,1,0,0,0,0,0
102,71,71,-6,13,54,257,6,3,74,1,0,0,0,0,0,1,0
197,71,31,-9,26,67,151,0,10,34,0,0,0,0,1,0,0,0
123,51,65,-17,16,83,252,69,5,77,0,0,1,0,0,0,0,0
155,54,27,-7,10,33,285,49,3,54,1,0,0,0,0,0,1,0
79,73,50,-6,31,45,200,14,3,30,1,0,0,0,1,0,0,0
100,68,51,-8,8,79,185,36,4,58,0,0,1,0,0,0,0,0
101,84,60,-13,6,64,324,4,4,57,0,0,0,1,0,0,0,0
115,61,37,-7,10,19,251,1,4,66,1,0,1,0,0,0,0,0
136,92,47,-4,26,54,235,0,4,74,0,1,0,0,0,0,0,0
81,86,44,-8,24,75,295,40,9,73,0,0,1,0,0,0,0,0
115,91,63,-7,23,81,287,4,4,56,0,0,1,0,0,0,0,0
87,65,66,-4,6,37,203,12,5,73,1,0,0,0,0,0,1,0
145,97,71,-5,36,90,288,8,5,73,0,0,1,0,0,0,0,0
130,44,72,-9,9,32,243,58,3,72,1,0,0,0,0,0,1,0
83,67,43,-6,10,61,181,6,8,55,0,0,1,0,0,0,0,0
143,40,44,-8,11,41,243,63,3,79,0,0,0,0,0,0,0,1
79,36,53,-7,9,40,238,53,2,70,1,0,1,0,0,0,0,0
157,30,53,-14,11,68,201,94,3,71,1,0,0,0,0,1,0,0
115,70,73,-8,6,41,252,0,3,52,1,0,0,0,0,0,1,0
81,65,50,-7,33,57,273,22,4,64,1,0,0,1,0,0,0,0
95,85,60,-8,63,64,191,1,3,38,0,0,0,0,1,0,0,0
149,30,33,-7,11,14,243,78,3,67,1,0,0,0,0,0,1,0
100,80,79,-6,11,27,319,43,4,64,0,0,0,0,0,0,1,0
94,13,69,-14,6,37,138,75,3,74,0,0,0,0,0,0,0,1
160,61,43,-8,6,37,391,2,3,66,0,0,1,0,0,0,0,0
99,67,69,-6,12,71,255,20,5,61,0,0,0,1,0,0,0,0
87,93,50,-3,37,68,217,3,8,39,1,0,0,0,1,0,0,0
92,46,61,-14,7,81,244,71,5,76,0,0,1,0,0,0,0,0
102,37,82,-13,8,29,217,17,8,69,0,0,1,0,0,0,0,0
125,70,63,-11,12,80,232,19,3,45,0,0,0,1,0,0,0,0
130,82,55,-7,6,77,240,7,3,57,0,0,1,0,0,0,0,0
109,59,41,-5,28,56,204,55,3,68,1,0,0,0,0,1,0,0
82,36,28,-12,25,36,172,65,3,30,1,0,0,0,1,0,0,0
90,39,53,-8,9,16,217,65,3,75,1,0,0,1,0,0,0,0
111,87,60,-5,11,44,215,3,3,30,1,0,0,1,0,0,0,0
103,75,35,-7,65,32,443,0,4,66,0,0,1,0,0,0,0,0
89,57,53,-10,13,49,182,72,6,49,1,0,0,0,1,0,0,0
107,71,85,-6,17,82,215,1,8,74,0,0,0,1,0,0,0,0
117,93,52,-7,82,31,244,39,10,49,0,0,1,0,0,0,0,0
100,78,60,-6,11,42,256,1,3,62,1,0,0,1,0,0,0,0
98,62,66,-9,7,66,256,51,3,35,1,0,0,0,0,0,1,0
139,60,54,-10,13,25,387,1,3,65,0,1,0,0,0,0,0,0
117,65,92,-3,4,85,294,2,4,81,0,0,0,0,0,0,1,0
145,56,60,-7,5,33,207,0,6,47,1,0,0,0,1,0,0,0
110,85,78,-4,12,62,250,5,7,75,1,0,0,1,0,0,0,0
129,59,93,-12,11,96,219,43,5,41,1,0,0,0,1,0,0,0
137,69,49,-11,28,56,489,25,4,43,0,0,1,0,0,0,0,0
83,43,48,-6,15,61,157,69,2,67,0,0,0,0,0,1,0,0
94,46,56,-7,21,45,270,38,2,49,0,1,0,0,0,0,0,0
149,94,53,-6,19,50,241,1,4,77,0,0,1,0,0,0,0,0
123,54,45,-9,9,13,244,70,4,58,1,0,1,0,0,0,0,0
120,34,82,-16,50,79,254,14,4,59,0,0,1,0,0,0,0,0
102,88,54,-6,53,59,214,2,3,34,1,0,0,0,1,0,0,0
119,47,70,-9,32,76,130,69,4,70,0,0,1,0,0,0,0,0
114,93,41,-5,60,39,163,34,10,32,1,0,1,0,0,0,0,0
124,85,62,-6,24,64,215,12,3,43,1,0,0,0,1,0,0,0
95,66,56,-8,14,96,119,65,6,62,0,0,0,0,0,1,0,0
128,87,55,-4,22,19,322,3,4,59,0,1,0,0,0,0,0,0
114,89,59,-6,51,70,312,1,3,53,1,0,0,1,0,0,0,0
134,36,67,-9,8,29,242,57,3,76,1,0,0,1,0,0,0,0
105,52,77,-4,13,39,217,18,3,85,1,0,0,0,0,0,1,0
86,22,54,-18,11,31,189,74,4,51,0,0,1,0,0,0,0,0
118,62,48,-10,14,19,320,6,3,43,0,0,1,0,0,0,0,0
160,61,28,-8,11,16,290,28,4,54,0,0,1,0,0,0,0,0
144,44,47,-11,32,31,281,60,4,52,1,0,1,0,0,0,0,0
143,83,54,-6,17,71,178,11,3,54,0,0,1,0,0,0,0,0
125,92,52,-7,2,73,234,2,5,34,1,0,1,0,0,0,0,0
142,18,44,-16,24,35,358,84,3,40,0,0,0,1,0,0,0,0
105,36,63,-9,13,67,245,11,3,77,0,0,0,0,0,1,0,0
77,56,66,-9,6,62,294,40,3,46,0,0,0,1,0,0,0,0
100,61,70,-6,8,22,189,22,4,84,1,0,1,0,0,0,0,0
150,59,44,-7,10,25,266,15,3,50,0,0,0,0,0,0,1,0
79,27,19,-9,13,10,263,86,4,74,1,1,0,0,0,0,0,0
121,66,60,-6,12,29,245,23,5,80,1,0,0,1,0,0,0,0
133,50,49,-10,16,83,148,74,3,56,0,0,0,0,0,1,0,0
97,69,67,-6,17,28,186,5,3,60,0,0,1,0,0,0,0,0
167,64,31,-9,37,31,306,2,3,80,0,0,1,0,0,0,0,0
94,45,36,-10,28,14,271,6,2,69,0,0,1,0,0,0,0,0
143,74,71,-8,10,64,231,26,4,66,1,0,1,0,0,0,0,0
127,47,76,-7,10,77,157,54,4,33,1,0,1,0,0,0,0,0
139,77,53,-7,6,86,139,0,5,42,1,0,0,0,0,0,1,0
116,67,65,-11,13,59,254,5,4,50,0,0,1,0,0,0,0,0
49,37,39,-11,8,51,293,21,3,78,1,0,0,1,0,0,0,0
117,85,28,-8,6,44,559,1,5,71,0,0,1,0,0,0,0,0
109,51,74,-16,14,90,210,2,3,54,0,0,0,0,0,1,0,0
127,79,77,-10,5,96,266,2,3,74,0,1,0,0,0,0,0,0
135,58,69,-11,12,94,302,29,3,71,0,0,1,0,0,0,0,0
120,49,75,-10,22,53,293,2,4,64,0,0,0,1,0,0,0,0
181,59,56,-9,20,68,306,32,3,57,1,0,1,0,0,0,0,0
127,79,46,-7,8,52,295,55,4,59,0,0,0,1,0,0,0,0
73,73,21,-6,30,17,393,18,6,49,0,0,1,0,0,0,0,0
119,53,47,-10,18,77,174,0,3,57,0,0,1,0,0,0,0,0
100,80,59,-7,9,32,220,50,7,38,1,0,0,1,0,0,0,0
159,67,43,-6,14,38,394,9,3,45,1,0,0,1,0,0,0,0
131,82,60,-14,13,74,205,12,4,57,0,0,1,0,0,0,0,0
166,75,70,-9,19,91,195,13,10,48,1,0,0,0,1,0,0,0
152,81,32,-7,15,12,202,8,5,40,1,0,1,0,0,0,0,0
106,54,76,-10,6,96,193,79,5,64,0,0,0,0,0,1,0,0
77,76,60,-7,35,72,163,71,4,66,0,0,1,0,0,0,0,0
110,87,51,-5,33,43,233,1,5,43,1,0,0,0,1,0,0,0
160,82,65,-5,9,96,233,22,18,80,1,0,0,0,0,0,1,0
120,75,62,-5,9,56,221,64,5,65,1,0,0,0,0,0,0,1
108,75,62,-6,11,83,226,41,3,57,1,0,0,0,1,0,0,0
110,53,52,-14,5,35,252,7,3,34,0,0,1,0,0,0,0,0
127,10,34,-16,10,26,205,81,3,41,0,1,0,0,0,0,0,0
131,37,53,-13,6,25,394,8,3,64,0,0,1,0,0,0,0,0
122,72,40,-9,5,48,258,0,6,71,0,1,0,0,0,0,0,0
95,91,92,-2,9,31,162,3,27,70,0,0,0,1,0,0,0,0
106,58,76,-13,6,94,310,1,5,68,0,0,0,1,0,0,0,0
193,58,43,-5,19,27,193,4,30,70,1,0,0,0,0,0,1,0
128,93,52,-5,11,20,233,0,9,53,1,0,0,1,0,0,0,0
95,26,47,-11,12,27,232,82,4,55,1,0,0,0,1,0,0,0
95,42,50,-12,20,22,242,88,3,41,1,0,0,1,0,0,0,0
104,29,71,-16,13,19,297,31,4,77,0,0,0,1,0,0,0,0
92,57,26,-8,11,15,319,4,3,47,1,0,0,0,1,0,0,0
140,90,23,-7,96,49,239,0,6,42,0,0,1,0,0,0,0,0
104,92,66,-6,61,46,229,38,17,30,1,0,0,0,1,0,0,0
79,60,56,-7,38,44,210,18,3,58,1,0,0,1,0,0,0,0
115,46,83,-10,70,88,331,48,6,43,1,0,1,0,0,0,0,0
122,87,64,-3,29,45,185,49,12,72,1,0,0,0,0,0,0,1
90,75,42,-10,17,79,146,20,5,72,0,0,1,0,0,0,0,0
132,48,69,-12,9,90,235,38,3,65,0,0,1,0,0,0,0,0
132,55,85,-5,8,81,219,15,4,74,1,0,1,0,0,0,0,0
135,72,27,-10,84,34,455,2,6,35,0,0,0,1,0,0,0,0
174,13,50,-13,10,28,256,88,6,29,1,0,0,0,0,0,1,0
93,41,67,-12,11,36,215,65,5,60,1,0,0,0,1,0,0,0
89,65,87,-5,28,67,305,30,29,76,0,0,0,1,0,0,0,0
104,88,80,-7,14,82,281,19,4,70,0,0,0,0,0,0,1,0
83,88,56,-9,38,67,408,38,6,45,0,0,1,0,0,0,0,0
152,60,32,-6,25,18,240,11,3,30,1,0,0,0,0,0,1,0
120,47,46,-10,44,64,149,51,3,62,0,0,1,0,0,0,0,0
176,26,31,-19,7,19,423,15,3,22,0,0,1,0,0,0,0,0
112,65,81,-7,15,81,229,35,6,57,1,0,0,0,1,0,0,0
172,76,45,-5,10,54,224,0,3,78,1,1,0,0,0,0,0,0
82,40,65,-15,7,86,237,48,4,59,0,0,0,1,0,0,0,0
172,14,39,-17,10,26,226,79,4,69,0,0,0,0,0,0,1,0
181,39,36,-14,12,50,218,75,3,61,0,0,0,0,0,1,0,0
85,32,52,-11,12,27,212,70,3,51,1,0,0,0,0,0,0,1
124,46,53,-10,20,22,291,8,3,32,1,0,0,0,1,0,0,0
146,94,27,-4,12,61,270,1,10,73,0,0,1,0,0,0,0,0
76,52,73,-10,7,95,173,8,32,74,0,0,0,1,0,0,0,0
133,80,52,-6,61,63,257,0,3,58,0,0,1,0,0,0,0,0
136,97,41,-4,11,35,218,0,5,53,1,0,1,0,0,0,0,0
81,50,69,-7,26,47,122,68,12,70,0,0,1,0,0,0,0,0
109,5,44,-16,11,31,162,88,4,49,1,0,0,0,0,1,0,0
81,55,55,-10,7,29,285,5,3,47,0,0,0,1,0,0,0,0
117,54,59,-11,31,59,302,18,3,66,0,0,1,0,0,0,0,0
115,57,59,-10,9,47,434,36,4,59,0,0,0,1,0,0,0,0
129,57,61,-11,7,54,350,56,4,72,0,0,0,0,0,1,0,0
137,96,37,-5,12,21,366,0,14,69,1,0,1,0,0,0,0,0
85,58,50,-11,14,30,279,11,3,40,1,0,0,0,0,0,1,0
169,88,35,-5,12,41,202,3,20,57,1,0,1,0,0,0,0,0
83,42,47,-10,5,50,239,52,3,66,0,0,1,0,0,0,0,0
80,97,73,-2,18,97,235,10,7,79,1,0,0,1,0,0,0,0
117,35,72,-11,11,64,197,20,4,71,0,0,0,1,0,0,0,0
75,19,49,-16,22,21,248,72,4,31,0,0,1,0,0,0,0,0
106,84,46,-7,78,71,228,0,3,59,0,0,1,0,0,0,0,0
112,42,82,-13,8,52,276,56,3,67,0,0,1,0,0,0,0,0
138,45,49,-12,18,13,254,31,3,62,0,1,0,0,0,0,0,0
106,68,38,-9,18,65,136,6,3,63,1,0,0,0,0,0,0,1
108,44,50,-10,13,71,169,67,3,57,0,0,0,0,0,1,0,0
174,92,55,-11,99,11,332,1,7,37,1,0,0,1,0,0,0,0
177,37,43,-12,11,65,125,18,4,69,0,0,0,0,0,0,0,1
150,80,29,-5,36,12,448,47,4,63,0,0,0,1,0,0,0,0
125,64,55,-7,22,15,268,1,3,78,1,0,0,1,0,0,0,0
111,53,69,-10,28,78,156,19,3,58,0,0,0,1,0,0,0,0
121,36,57,-10,17,9,236,51,3,55,0,0,0,0,1,0,0,0
119,70,67,-8,20,66,314,42,3,67,0,1,0,0,0,0,0,0
123,92,51,-3,21,46,319,1,6,59,0,0,0,1,0,0,0,0
127,33,79,-13,19,53,231,60,6,67,1,0,0,1,0,0,0,0
116,87,55,-5,46,61,303,0,3,66,1,1,0,0,0,0,0,0
110,86,77,-6,16,89,173,10,3,80,0,0,0,0,0,0,1,0
142,75,50,-6,35,30,197,1,4,44,1,0,0,0,0,0,1,0
86,61,51,-5,8,23,295,0,2,12,1,0,0,0,0,0,1,0
95,73,53,-8,10,76,140,19,3,73,0,0,0,0,0,0,0,1
116,33,53,-10,11,11,526,69,5,73,1,0,0,0,0,0,1,0
90,40,62,-10,15,35,254,9,2,57,0,0,0,0,0,0,1,0
180,66,51,-7,12,46,228,3,4,79,1,0,0,0,0,0,1,0
147,68,40,-6,68,60,212,18,3,47,1,0,1,0,0,0,0,0
119,84,63,-6,10,88,663,8,5,47,0,0,1,0,0,0,0,0
131,72,64,-7,14,80,213,1,4,67,1,0,0,0,0,1,0,0
78,40,54,-8,11,17,220,66,4,32,1,0,0,0,1,0,0,0
125,88,60,-6,11,58,468,0,4,76,1,0,0,1,0,0,0,0
162,33,56,-11,11,30,236,90,3,67,1,0,0,1,0,0,0,0
115,55,54,-7,12,48,237,53,4,64,1,0,0,0,0,1,0,0
146,34,51,-13,21,27,301,0,5,64,0,0,1,0,0,0,0,0
150,81,49,-5,12,25,252,4,8,69,1,0,0,0,0,0,1,0
98,42,52,-13,7,31,330,58,3,55,0,0,1,0,0,0,0,0
99,19,65,-14,13,23,231,98,3,48,1,0,0,0,0,0,1,0
135,77,47,-7,11,9,347,6,5,63,1,0,1,0,0,0,0,0
173,96,43,-4,3,37,269,0,4,76,1,1,0,0,0,0,0,0
65,33,31,-9,14,67,208,5,3,69,0,0,0,0,0,0,0,1
96,32,61,-15,14,29,209,63,5,55,0,0,0,0,1,0,0,0
104,56,43,-7,13,28,235,2,3,74,0,0,0,0,0,1,0,0
141,92,58,-5,20,77,177,0,6,40,1,0,0,0,0,0,1,0
95,72,48,-7,19,56,370,73,3,71,0,0,1,0,0,0,0,0
93,57,58,-8,8,37,235,25,2,57,0,0,1,0,0,0,0,0
82,52,48,-16,12,90,215,2,3,44,0,0,0,0,1,0,0,0
131,22,46,-10,11,15,243,90,3,41,1,0,0,1,0,0,0,0
126,69,64,-16,28,46,275,21,5,74,0,0,1,0,0,0,0,0
174,26,45,-13,7,60,324,54,4,65,0,0,0,1,0,0,0,0
162,62,32,-6,60,36,308,3,3,40,1,0,1,0,0,0,0,0
128,84,49,-5,35,56,198,0,4,63,0,1,0,0,0,0,0,0
95,88,62,-5,7,86,184,27,3,41,1,0,0,1,0,0,0,0
103,64,62,-7,16,45,247,5,3,84,1,0,0,1,0,0,0,0
180,95,44,-8,39,36,258,3,6,52,0,0,1,0,0,0,0,0
79,44,22,-9,12,13,419,50,4,52,0,0,1,0,0,0,0,0
139,88,64,-4,36,74,242,8,3,70,1,0,0,1,0,0,0,0
112,50,74,-8,19,66,348,18,4,66,0,0,1,0,0,0,0,0
89,34,71,-7,16,49,241,79,3,50,1,0,0,1,0,0,0,0
179,36,53,-11,24,17,452,28,4,36,0,0,1,0,0,0,0,0
76,66,22,-10,47,32,344,2,5,50,0,0,1,0,0,0,0,0
132,49,72,-12,11,97,216,73,4,39,0,0,0,1,0,0,0,0
116,62,80,-13,32,64,199,2,5,60,0,0,0,1,0,0,0,0
174,78,68,-6,8,87,270,3,8,47,1,0,0,0,0,0,1,0
92,80,53,-8,4,94,269,0,3,59,0,0,1,0,0,0,0,0
96,38,54,-7,8,39,204,52,3,49,1,0,1,0,0,0,0,0
175,72,31,-6,12,41,200,5,3,71,0,0,1,0,0,0,0,0
121,38,76,-15,5,99,224,28,4,69,0,0,1,0,0,0,0,0
123,38,44,-15,5,22,236,64,4,71,0,0,1,0,0,0,0,0
99,69,60,-11,33,76,206,2,3,46,0,0,1,0,0,0,0,0
118,82,67,-9,5,78,629,3,8,59,1,0,0,1,0,0,0,0
171,48,26,-8,11,7,319,4,3,62,1,0,0,1,0,0,0,0
108,68,61,-4,13,47,242,0,3,75,1,0,0,0,0,0,0,1
109,78,45,-9,34,51,252,44,4,55,0,0,1,0,0,0,0,0
146,73,44,-12,24,54,213,26,10,67,0,0,1,0,0,0,0,0
167,47,30,-13,34,58,228,69,5,58,0,0,0,0,0,0,1,0
172,94,46,-7,12,80,252,44,11,61,0,0,1,0,0,0,0,0
159,54,58,-8,8,55,259,5,3,48,0,0,1,0,0,0,0,0
104,41,79,-15,14,39,169,41,5,59,0,0,0,1,0,0,0,0
68,51,33,-9,37,29,215,40,6,53,0,0,0,1,0,0,0,0
140,51,44,-8,13,25,245,12,3,40,1,0,0,0,1,0,0,0
183,50,45,-7,11,21,266,25,3,26,1,0,0,0,1,0,0,0
132,53,58,-7,31,22,288,68,3,72,0,0,0,0,0,0,0,1
102,72,50,-9,8,18,387,1,4,57,0,0,1,0,0,0,0,0
85,94,44,-3,9,78,182,0,6,79,0,0,1,0,0,0,0,0
73,18,26,-10,12,11,319,84,3,57,1,0,0,1,0,0,0,0
103,88,76,-9,22,95,175,36,4,73,0,0,1,0,0,0,0,0
190,53,26,-6,5,45,213,39,4,41,1,0,0,1,0,0,0,0
140,49,57,-11,17,73,179,2,5,20,1,0,0,0,1,0,0,0
82,34,34,-12,12,20,483,58,3,79,0,0,1,0,0,0,0,0
127,59,40,-9,11,37,263,8,4,28,1,0,0,0,0,0,1,0
125,41,67,-8,10,50,238,84,3,68,1,0,0,1,0,0,0,0
90,24,59,-11,9,26,221,91,4,78,1,0,0,0,0,0,1,0
163,92,33,-4,13,34,290,6,6,63,0,0,0,1,0,0,0,0
131,46,60,-12,22,80,204,10,4,27,1,0,0,0,1,0,0,0
90,25,52,-10,14,14,222,22,3,51,1,0,0,0,1,0,0,0
110,71,66,-8,15,63,259,4,3,55,0,1,0,0,0,0,0,0
180,42,50,-8,11,22,281,13,7,70,1,0,1,0,0,0,0,0
169,83,55,-11,22,91,241,9,3,63,0,0,0,0,0,1,0,0
73,28,61,-9,9,39,214,93,4,82,1,0,0,0,0,0,1,0
126,75,57,-5,9,90,180,40,3,61,0,0,0,0,0,0,1,0
86,41,21,-10,8,16,306,17,4,72,1,0,0,0,0,0,1,0
102,59,59,-7,8,36,278,0,3,42,0,1,0,0,0,0,0,0
89,85,63,-6,6,43,325,0,3,63,0,1,0,0,0,0,0,0
95,56,79,-10,8,67,261,45,5,60,0,0,1,0,0,0,0,0
125,47,60,-14,11,53,318,70,3,37,0,0,0,0,1,0,0,0
119,88,72,-9,9,96,243,20,4,58,0,0,1,0,0,0,0,0
145,51,52,-8,29,65,154,48,4,53,0,0,1,0,0,0,0,0
120,83,43,-6,14,35,455,2,5,50,1,1,0,0,0,0,0,0
151,32,38,-15,8,41,966,52,4,32,0,0,1,0,0,0,0,0
120,90,52,-5,10,24,322,0,4,72,1,1,0,0,0,0,0,0
115,88,66,-4,27,88,292,18,3,57,0,0,0,1,0,0,0,0
99,65,59,-9,13,39,245,22,3,58,0,0,0,0,1,0,0,0
112,80,65,-12,10,54,251,35,5,80,0,0,1,0,0,0,0,0
138,58,65,-8,12,74,164,41,4,66,0,0,0,0,0,0,0,1
114,19,69,-19,17,32,245,67,3,31,0,0,1,0,0,0,0,0
148,60,51,-14,81,96,312,67,10,34,1,0,0,0,1,0,0,0
112,32,38,-12,12,12,295,73,3,58,0,0,1,0,0,0,0,0
135,75,51,-7,14,28,236,0,3,47,1,0,1,0,0,0,0,0
119,75,50,-9,45,51,251,13,4,80,0,0,1,0,0,0,0,0
150,40,45,-12,6,17,332,3,3,24,0,0,0,0,0,0,1,0
105,78,55,-6,63,81,162,42,5,76,0,0,0,0,0,0,1,0
174,33,38,-13,21,20,331,74,3,39,0,0,1,0,0,0,0,0
162,82,46,-6,16,47,299,1,4,65,1,0,0,0,0,0,1,0
177,78,39,-3,11,90,134,0,23,71,0,0,1,0,0,0,0,0
80,47,62,-6,11,33,211,31,3,63,1,0,0,0,0,0,0,1
168,93,51,-5,24,67,272,0,24,63,1,1,0,0,0,0,0,0
135,80,56,-8,9,58,245,0,6,73,1,0,1,0,0,0,0,0
87,31,27,-13,63,12,352,1,3,46,1,0,0,0,0,0,1,0
161,38,35,-8,15,36,230,61,3,26,1,0,0,0,1,0,0,0
139,77,55,-9,13,42,253,0,3,63,1,0,1,0,0,0,0,0
90,26,43,-13,9,27,259,95,5,69,1,0,0,1,0,0,0,0
104,34,65,-12,7,32,222,37,2,69,0,0,0,1,0,0,0,0
136,6,32,-22,14,26,191,83,4,50,0,0,1,0,0,0,0,0
131,75,58,-7,18,26,308,60,3,76,1,0,0,1,0,0,0,0
122,71,70,-5,3,63,203,0,8,76,1,0,0,0,0,0,1,0
99,77,65,-7,7,68,236,0,23,75,1,0,0,0,0,0,1,0
184,9,39,-15,10,36,201,98,3,56,0,0,1,0,0,0,0,0
85,29,64,-10,18,41,258,67,4,76,1,0,0,0,0,0,1,0
140,81,61,-8,22,82,210,34,3,60,0,0,1,0,0,0,0,0
109,90,43,-5,12,77,190,41,7,68,0,0,1,0,0,0,0,0
109,68,38,-8,5,29,285,0,3,78,0,0,1,0,0,0,0,0
137,90,60,-7,7,62,219,4,5,65,0,0,1,0,0,0,0,0
160,71,50,-8,43,33,375,8,5,45,1,0,0,0,1,0,0,0
134,45,60,-13,10,78,174,1,3,53,0,0,0,0,0,1,0,0
106,68,66,-8,8,65,258,16,3,75,0,0,0,0,0,1,0,0
151,46,69,-8,11,72,242,60,5,82,1,0,0,0,0,0,1,0
123,73,49,-3,10,34,240,12,4,77,1,0,0,0,0,0,0,1
104,51,38,-15,54,40,355,1,5,55,0,0,1,0,0,0,0,0
98,61,60,-12,9,89,284,18,3,82,0,0,1,0,0,0,0,0
203,64,26,-10,9,38,281,20,6,74,0,1,0,0,0,0,0,0
144,48,34,-10,14,18,260,28,3,68,0,0,1,0,0,0,0,0
110,8,52,-20,10,10,408,75,3,41,0,0,0,0,0,0,1,0
81,71,45,-10,21,77,267,23,5,74,0,0,1,0,0,0,0,0
136,93,54,-6,36,45,246,1,5,63,1,0,1,0,0,0,0,0
130,46,43,-12,13,38,293,12,3,65,0,0,1,0,0,0,0,0
113,95,22,-4,16,17,176,0,18,62,1,1,0,0,0,0,0,0
123,52,72,-8,13,94,261,7,6,73,0,1,0,0,0,0,0,0
120,39,62,-12,12,44,249,23,3,51,1,1,0,0,0,0,0,0
72,26,35,-12,13,48,265,61,3,24,1,0,1,0,0,0,0,0
103,59,47,-10,14,22,202,20,14,41,0,0,1,0,0,0,0,0
112,8,53,-16,11,31,135,92,5,50,1,0,0,0,1,0,0,0
145,43,31,-11,10,31,312,29,6,69,0,0,1,0,0,0,0,0
134,51,41,-9,69,38,257,52,4,39,0,0,0,1,0,0,0,0
119,63,71,-10,10,63,222,3,3,63,0,0,1,0,0,0,0,0
120,80,71,-5,35,73,238,22,3,76,0,0,0,0,0,0,1,0
121,67,76,-13,7,91,215,21,4,69,0,0,0,1,0,0,0,0
91,70,54,-6,10,56,221,5,3,30,1,0,0,0,0,0,1,0
104,39,69,-16,25,72,239,8,4,77,0,0,1,0,0,0,0,0
123,72,82,-9,36,69,225,4,14,71,1,0,0,1,0,0,0,0
110,31,40,-10,37,28,260,34,3,52,0,0,1,0,0,0,0,0
93,49,44,-14,16,63,309,70,6,72,0,0,1,0,0,0,0,0
128,64,51,-12,9,83,208,17,4,55,0,0,1,0,0,0,0,0
115,61,86,-7,3,93,270,1,8,82,1,0,0,0,0,0,1,0
129,66,57,-5,12,44,242,63,5,77,1,0,0,1,0,0,0,0
138,55,33,-6,9,23,224,31,3,51,0,0,1,0,0,0,0,0
147,91,60,-7,8,72,290,31,6,64,0,0,0,0,0,1,0,0
77,52,44,-9,15,18,305,18,3,64,0,1,0,0,0,0,0,0
167,61,38,-12,26,70,226,11,3,38,0,0,0,0,1,0,0,0
127,46,34,-11,9,35,620,17,4,45,0,0,1,0,0,0,0,0
105,66,40,-7,23,39,217,3,3,27,1,0,0,0,0,0,1,0
109,41,81,-9,8,50,223,11,4,59,1,0,1,0,0,0,0,0
122,57,87,-11,13,56,215,37,4,49,0,0,0,0,0,0,1,0
170,46,18,-9,9,13,267,74,4,40,1,0,1,0,0,0,0,0
97,55,74,-9,6,35,328,51,3,72,1,0,1,0,0,0,0,0
138,62,49,-7,11,42,242,9,3,78,1,0,0,1,0,0,0,0
105,76,73,-5,6,54,228,13,3,61,1,0,0,0,0,0,0,1
133,72,68,-8,37,77,274,11,3,48,0,0,0,1,0,0,0,0
105,73,68,-8,14,94,281,11,2,59,1,0,1,0,0,0,0,0
94,32,48,-11,11,39,206,37,3,77,0,0,1,0,0,0,0,0
122,39,58,-8,9,16,249,76,3,20,1,0,0,0,1,0,0,0
139,53,59,-7,29,23,241,14,3,65,1,0,0,0,0,0,1,0
91,94,62,-3,17,88,269,2,5,80,1,1,0,0,0,0,0,0
120,60,52,-5,11,22,341,3,3,80,1,0,0,0,0,0,1,0
124,76,40,-8,37,49,261,10,5,37,1,1,0,0,0,0,0,0
94,13,60,-21,11,11,511,93,3,44,0,0,1,0,0,0,0,0
115,39,62,-12,91,44,196,68,4,57,0,1,0,0,0,0,0,0
145,46,31,-9,13,43,188,16,3,66,0,0,0,0,0,1,0,0
96,66,64,-6,30,33,264,1,3,60,0,1,0,0,0,0,0,0
95,45,60,-6,11,17,263,16,2,87,1,0,0,0,0,0,1,0
85,53,55,-8,22,41,272,19,3,82,1,0,1,0,0,0,0,0
91,37,75,-10,11,47,287,27,3,71,0,0,1,0,0,0,0,0
129,51,69,-10,46,89,125,63,3,71,1,0,0,0,0,1,0,0
111,40,63,-13,11,73,173,54,3,62,0,0,1,0,0,0,0,0
115,85,73,-7,44,74,261,13,4,65,0,0,0,1,0,0,0,0
136,93,66,-6,70,46,212,46,16,58,1,0,0,1,0,0,0,0
146,92,64,-4,9,85,258,3,8,83,1,0,0,0,0,0,1,0
85,35,56,-13,14,46,264,6,5,81,0,1,0,0,0,0,0,0
184,51,35,-8,71,22,291,40,3,51,1,0,0,0,0,0,1,0
98,93,42,-5,11,34,457,41,13,60,0,0,1,0,0,0,0,0
99,64,44,-7,64,25,286,53,6,42,0,0,0,1,0,0,0,0
114,46,69,-12,6,70,312,25,3,50,0,0,1,0,0,0,0,0
92,42,81,-15,10,84,157,75,4,58,0,0,0,1,0,0,0,0
117,45,49,-9,62,40,266,82,3,39,1,0,0,1,0,0,0,0
112,44,55,-14,44,63,187,53,7,75,0,0,0,0,0,1,0,0
74,63,46,-7,40,59,239,9,2,63,1,0,0,0,0,0,0,1
177,55,52,-14,18,91,289,50,4,76,0,0,1,0,0,0,0,0
109,91,53,-5,7,49,171,1,8,72,0,0,1,0,0,0,0,0
91,42,44,-9,13,45,287,9,2,63,0,0,1,0,0,0,0,0
117,61,53,-10,12,53,401,1,3,61,0,0,1,0,0,0,0,0
184,53,41,-9,31,41,206,19,3,43,0,0,0,0,1,0,0,0
112,31,62,-10,12,13,241,95,3,66,1,0,0,0,0,0,1,0
126,88,58,-7,15,79,253,20,5,49,0,0,0,0,0,0,1,0
104,82,72,-7,24,82,249,15,3,49,0,0,0,0,0,0,0,1
165,38,53,-12,9,19,260,3,4,79,0,0,0,0,0,0,0,1
117,41,71,-14,15,65,227,38,4,48,1,0,1,0,0,0,0,0
86,56,44,-7,25,70,144,35,3,47,1,0,0,1,0,0,0,0
111,69,58,-12,14,53,298,61,3,66,0,0,1,0,0,0,0,0
79,18,33,-12,12,26,217,94,3,62,0,0,1,0,0,0,0,0
110,96,43,-4,17,56,186,0,4,57,1,1,0,0,0,0,0,0
87,68,57,-8,18,67,268,36,3,38,1,0,0,0,0,0,1,0
141,66,58,-14,7,66,361,1,4,52,0,0,0,0,0,0,1,0
132,27,32,-11,17,15,302,58,4,56,0,0,1,0,0,0,0,0
80,37,56,-10,9,28,182,93,4,27,1,0,0,0,1,0,0,0
132,76,80,-11,5,96,288,8,3,73,0,0,0,1,0,0,0,0
134,80,65,-7,8,78,200,12,5,73,0,0,1,0,0,0,0,0
106,67,57,-10,11,25,305,2,3,58,1,1,0,0,0,0,0,0
100,47,32,-7,95,25,208,26,3,42,1,0,0,0,0,0,1,0
135,33,56,-8,10,28,285,89,3,79,1,0,0,0,0,0,0,1
75,67,30,-5,15,68,306,3,5,59,1,0,1,0,0,0,0,0
110,58,55,-13,4,46,298,19,3,74,0,0,1,0,0,0,0,0
147,31,55,-10,11,25,261,82,3,74,1,0,0,1,0,0,0,0
107,57,59,-10,8,95,233,16,7,72,0,0,0,0,0,1,0,0
170,69,57,-7,11,78,237,4,3,54,1,0,0,0,0,0,1,0
117,77,65,-10,36,95,242,21,3,71,0,0,1,0,0,0,0,0
148,21,33,-18,18,28,187,84,3,62,0,0,1,0,0,0,0,0
79,48,48,-7,10,22,213,60,3,46,1,0,0,0,1,0,0,0
126,31,45,-8,17,37,250,98,3,53,0,0,1,0,0,0,0,0
91,82,53,-5,26,47,248,7,5,74,0,0,1,0,0,0,0,0
108,84,72,-5,24,68,238,26,5,63,0,0,1,0,0,0,0,0
163,66,42,-12,18,45,168,0,7,68,0,0,1,0,0,0,0,0
134,98,32,-4,20,17,212,4,12,54,0,0,0,1,0,0,0,0
160,80,65,-5,33,94,219,6,17,66,1,0,0,0,0,0,1,0
87,57,60,-8,8,49,361,44,3,54,0,0,1,0,0,0,0,0
142,28,59,-5,15,34,272,88,3,70,1,0,0,0,0,0,0,1
80,64,29,-9,11,23,536,2,3,80,0,0,0,1,0,0,0,0
116,39,65,-12,32,60,177,2,3,61,0,1,0,0,0,0,0,0
103,76,45,-5,15,42,267,2,3,75,1,0,0,0,0,0,1,0
171,64,46,-6,19,29,229,25,6,62,1,1,0,0,0,0,0,0
138,84,47,-4,16,48,220,0,3,43,1,0,1,0,0,0,0,0
177,76,58,-6,25,66,201,16,12,74,1,0,0,1,0,0,0,0
94,68,54,-9,9,47,219,1,6,21,1,0,0,0,1,0,0,0
135,55,44,-8,54,26,347,49,3,66,0,0,1,0,0,0,0,0
129,44,54,-9,40,37,215,61,5,44,0,0,0,0,0,0,1,0
186,87,34,-3,13,27,260,8,8,61,1,0,0,0,0,0,1,0
147,59,56,-7,4,97,198,6,3,67,0,0,1,0,0,0,0,0
128,46,72,-8,11,39,201,8,3,68,1,0,0,0,0,0,1,0
92,65,48,-6,55,54,301,16,3,33,0,0,1,0,0,0,0,0
190,76,79,-7,10,49,346,3,24,46,1,0,0,0,1,0,0,0
125,59,38,-10,27,28,859,2,3,41,0,0,1,0,0,0,0,0
142,28,39,-13,14,40,196,50,3,49,0,0,0,1,0,0,0,0
86,68,87,-6,9,82,268,4,32,72,0,0,0,1,0,0,0,0
99,29,49,-8,18,4,317,65,3,37,0,0,0,0,0,0,1,0
108,35,47,-11,8,28,216,72,3,69,1,1,0,0,0,0,0,0
117,71,66,-9,65,81,266,3,5,66,0,0,1,0,0,0,0,0
135,83,46,-5,14,47,261,2,10,79,1,0,0,0,0,0,1,0
121,73,40,-6,20,49,243,32,4,35,0,0,1,0,0,0,0,0
94,35,64,-9,11,20,204,49,3,72,0,0,0,0,0,0,0,1
140,59,38,-7,12,34,243,5,3,76,0,0,1,0,0,0,0,0
129,93,63,-4,6,96,229,22,3,71,0,0,1,0,0,0,0,0
150,43,49,-8,12,31,315,10,3,59,1,0,0,0,1,0,0,0
69,62,59,-6,13,27,186,2,11,75,1,0,0,1,0,0,0,0
149,88,18,-4,32,39,226,0,5,61,1,1,0,0,0,0,0,0
145,28,81,-15,21,81,206,58,3,44,0,0,0,0,0,0,1,0
110,41,50,-6,11,45,182,75,3,85,1,0,0,0,0,0,1,0
101,31,61,-15,6,28,302,70,3,47,0,0,0,0,1,0,0,0
198,61,30,-7,15,33,251,6,3,32,1,0,0,0,0,0,1,0
129,39,59,-14,7,15,423,13,6,46,1,0,1,0,0,0,0,0
98,59,82,-6,15,51,209,69,9,100,1,0,0,0,0,0,1,0
180,43,22,-9,12,50,216,82,3,54,0,0,0,0,0,1,0,0
110,87,31,-6,23,23,438,0,6,55,0,0,1,0,0,0,0,0
100,33,43,-9,14,36,206,89,3,49,0,0,0,0,1,0,0,0
138,89,56,-5,32,96,183,54,4,41,1,0,0,0,1,0,0,0
77,18,55,-11,11,9,212,89,3,73,1,0,0,0,0,0,0,1
171,20,34,-11,11,30,197,76,3,43,1,0,0,0,1,0,0,0
99,56,45,-9,5,61,191,24,3,43,0,0,0,0,0,0,1,0
128,76,69,-6,8,96,188,46,4,59,0,0,1,0,0,0,0,0
123,80,44,-5,10,52,205,5,4,66,0,0,0,0,0,0,1,0
121,57,80,-13,11,96,327,45,3,41,0,0,1,0,0,0,0,0
108,40,49,-8,14,15,598,49,3,67,1,0,0,0,0,0,0,1
110,43,54,-12,14,11,296,0,3,80,0,0,1,0,0,0,0,0
117,91,50,-5,11,72,302,0,6,74,0,1,0,0,0,0,0,0
138,93,55,-4,9,81,189,4,4,59,1,1,0,0,0,0,0,0
183,44,56,-8,12,44,288,29,3,58,1,0,0,0,0,0,0,1
125,69,63,-10,16,89,218,12,3,59,0,0,1,0,0,0,0,0
108,53,91,-9,5,90,241,50,5,54,0,0,1,0,0,0,0,0
136,46,53,-6,18,29,266,70,3,64,0,0,0,0,0,1,0,0
126,83,69,-7,25,98,215,17,3,82,1,0,0,1,0,0,0,0
91,63,67,-12,10,86,245,1,5,54,1,0,1,0,0,0,0,0
135,79,50,-11,17,81,207,17,7,39,1,0,1,0,0,0,0,0
131,79,31,-8,11,26,201,35,5,29,0,0,0,0,0,0,1,0
92,36,41,-13,8,27,285,83,3,63,0,0,1,0,0,0,0,0
94,77,37,-6,9,42,248,18,7,59,1,1,0,0,0,0,0,0
161,84,26,-7,28,46,157,0,10,56,0,0,1,0,0,0,0,0
124,56,80,-10,6,96,204,9,4,72,1,0,1,0,0,0,0,0
120,26,42,-7,13,33,270,92,3,86,1,0,0,1,0,0,0,0
164,85,25,-7,5,19,387,4,6,67,0,1,0,0,0,0,0,0
153,23,38,-12,13,15,225,85,3,61,0,0,0,0,0,1,0,0
105,55,75,-7,13,45,233,46,10,59,0,0,0,0,0,0,1,0
95,55,78,-7,13,44,243,35,5,81,1,0,0,0,0,0,1,0
100,98,27,-6,18,40,406,2,10,71,0,0,0,1,0,0,0,0
98,21,61,-20,8,42,274,60,3,28,1,0,0,1,0,0,0,0
138,48,53,-12,8,49,517,70,6,74,0,0,0,0,0,1,0,0
80,42,48,-11,12,51,125,46,12,76,0,0,0,1,0,0,0,0
125,59,46,-9,10,24,284,0,3,74,0,0,0,1,0,0,0,0
133,97,51,-4,19,53,305,0,4,61,0,1,0,0,0,0,0,0
128,80,57,-8,9,21,281,2,3,45,0,0,1,0,0,0,0,0
85,41,17,-8,11,9,203,61,3,33,1,0,0,0,1,0,0,0
144,40,56,-8,11,46,209,66,3,36,1,0,0,0,0,0,1,0
126,76,65,-8,23,61,295,1,3,62,0,0,0,0,0,0,1,0
82,48,68,-10,9,45,209,63,3,76,1,0,0,1,0,0,0,0
131,87,70,-6,21,81,188,8,3,66,0,0,0,1,0,0,0,0
114,66,60,-13,7,91,139,54,6,41,0,0,0,0,0,1,0,0
165,56,48,-6,18,54,154,32,3,67,1,0,0,0,0,0,0,1
150,66,25,-7,9,44,249,50,3,67,1,0,1,0,0,0,0,0
82,25,53,-16,12,34,197,52,3,61,1,0,0,0,0,0,1,0
98,73,67,-7,37,15,210,4,5,65,1,0,0,0,0,0,1,0
139,81,59,-6,10,80,154,14,4,69,0,0,0,0,0,0,0,1
140,63,39,-7,11,32,373,24,3,49,1,0,0,0,0,0,0,1
126,67,51,-5,31,36,328,29,3,61,0,0,0,1,0,0,0,0
147,89,55,-3,89,72,233,0,3,67,1,0,1,0,0,0,0,0
112,65,58,-8,11,13,286,1,3,52,0,0,0,1,0,0,0,0
153,91,54,-6,14,37,203,0,5,79,1,0,1,0,0,0,0,0
174,52,81,-14,10,59,213,6,30,45,0,0,0,0,1,0,0,0
125,68,46,-9,50,68,304,25,8,57,0,0,1,0,0,0,0,0
124,46,74,-8,26,32,232,1,8,74,1,1,0,0,0,0,0,0
120,66,79,-11,33,87,226,1,4,52,0,0,0,1,0,0,0,0
171,73,35,-9,12,70,471,8,4,67,0,0,1,0,0,0,0,0
115,61,67,-11,11,67,181,41,3,51,1,0,0,0,1,0,0,0
148,93,44,-5,24,78,169,42,5,58,0,0,0,1,0,0,0,0
159,64,52,-5,17,32,272,39,2,52,1,0,1,0,0,0,0,0
84,45,62,-13,6,57,256,21,3,76,0,0,1,0,0,0,0,0
91,27,40,-16,26,29,228,88,7,49,0,0,1,0,0,0,0,0
118,62,65,-9,8,64,211,20,3,56,0,0,0,0,0,0,1,0
85,76,37,-9,58,64,302,22,5,62,1,0,0,0,0,0,1,0
133,88,49,-5,27,25,396,0,4,55,0,1,0,0,0,0,0,0
139,48,52,-8,9,46,247,3,3,67,1,0,1,0,0,0,0,0
110,33,63,-9,11,47,193,74,3,56,1,0,0,0,1,0,0,0
131,80,75,-5,42,37,281,24,5,55,1,0,0,0,0,0,1,0
131,67,58,-12,5,45,235,8,4,52,0,0,0,0,0,0,1,0
170,75,45,-6,18,42,243,17,6,35,1,0,0,0,0,0,1,0
118,67,75,-13,32,70,304,2,4,62,0,0,1,0,0,0,0,0
79,64,47,-6,15,50,260,15,3,77,1,0,0,0,0,0,1,0
102,25,96,-13,4,80,228,16,6,49,0,0,0,1,0,0,0,0
121,95,70,-4,9,89,192,64,7,50,0,0,0,0,0,0,1,0
100,83,71,-5,6,97,243,39,4,66,1,0,0,0,0,0,1,0
130,49,41,-9,96,15,296,51,3,38,1,0,0,0,0,0,1,0
110,64,70,-9,28,65,211,22,17,53,1,0,0,0,0,0,1,0
101,24,42,-11,19,30,229,82,5,58,1,0,0,1,0,0,0,0
119,81,85,-5,12,78,237,12,8,69,1,0,0,0,0,0,1,0
115,31,55,-12,11,41,218,51,4,66,0,0,1,0,0,0,0,0
127,39,74,-17,9,59,382,38,3,56,0,0,1,0,0,0,0,0
142,92,56,-4,28,59,235,0,3,54,1,0,0,0,0,0,1,0
153,40,54,-10,16,24,289,58,4,73,0,0,0,0,0,0,1,0
105,90,43,-4,12,60,335,12,5,80,1,1,0,0,0,0,0,0
110,43,60,-10,17,27,336,29,3,49,0,0,1,0,0,0,0,0
102,59,77,-12,27,72,262,12,3,47,0,0,0,0,1,0,0,0
140,42,32,-11,10,29,204,55,3,49,0,0,0,0,0,1,0,0
128,32,55,-11,10,33,242,83,3,77,0,0,1,0,0,0,0,0
131,59,43,-12,36,46,345,22,3,45,0,0,0,0,0,0,1,0
105,38,84,-13,20,89,268,54,6,67,0,0,1,0,0,0,0,0
124,72,54,-9,26,47,181,2,4,69,0,0,1,0,0,0,0,0
117,96,57,-5,12,98,255,5,3,67,0,0,1,0,0,0,0,0
75,53,44,-8,34,35,247,4,3,50,0,0,1,0,0,0,0,0
144,59,38,-6,9,27,291,35,5,73,1,0,0,0,0,0,0,1
106,80,67,-9,6,76,184,3,4,62,0,0,1,0,0,0,0,0
174,28,36,-12,38,20,174,54,4,59,1,0,0,0,1,0,0,0
140,63,46,-6,12,10,348,5,3,61,0,0,1,0,0,0,0,0
128,78,67,-5,13,52,215,0,3,62,1,1,0,0,0,0,0,0
178,64,38,-7,37,8,261,7,7,83,1,0,1,0,0,0,0,0
156,87,56,-5,77,60,209,5,16,76,0,0,1,0,0,0,0,0
113,28,33,-11,18,37,165,72,3,53,0,0,1,0,0,0,0,0
140,21,59,-15,12,38,180,90,5,68,0,0,1,0,0,0,0,0
144,91,59,-8,60,93,244,15,4,59,0,0,1,0,0,0,0,0
94,70,83,-3,13,80,273,11,20,66,1,0,0,0,0,0,1,0
132,87,47,-6,25,27,244,0,5,56,1,0,0,0,0,0,1,0
89,77,41,-8,24,43,388,51,4,31,0,0,0,0,1,0,0,0
105,79,58,-7,6,91,226,1,3,53,0,0,0,0,0,1,0,0
120,59,79,-9,7,73,206,9,8,61,1,0,0,0,0,0,1,0
126,99,73,-5,44,84,353,1,5,70,0,0,0,1,0,0,0,0
156,50,53,-11,26,79,153,48,3,54,0,0,0,1,0,0,0,0
80,48,59,-9,9,49,324,39,2,60,0,0,1,0,0,0,0,0
99,29,27,-10,11,15,244,86,3,58,0,0,1,0,0,0,0,0
144,94,43,-5,14,47,314,1,4,61,0,1,0,0,0,0,0,0
141,82,57,-8,9,77,239,1,3,63,0,0,0,0,0,0,1,0
177,21,49,-11,10,22,179,96,4,42,0,0,0,0,1,0,0,0
110,64,52,-6,32,66,180,57,3,59,0,0,0,0,0,1,0,0
120,78,56,-7,7,97,179,36,6,67,0,0,1,0,0,0,0,0
148,76,91,-5,8,87,298,7,17,71,1,0,0,1,0,0,0,0
112,81,60,-5,85,77,197,63,5,48,0,0,1,0,0,0,0,0
118,84,59,-6,9,43,237,0,6,69,1,0,1,0,0,0,0,0
111,74,60,-11,68,62,321,44,10,63,0,0,0,1,0,0,0,0
106,82,58,-5,10,87,256,1,3,59,1,0,1,0,0,0,0,0
125,70,42,-6,33,56,204,26,3,49,0,0,0,1,0,0,0,0
127,37,47,-13,8,17,382,15,3,75,0,0,1,0,0,0,0,0
110,86,50,-4,64,24,186,0,4,81,1,1,0,0,0,0,0,0
127,78,71,-7,15,91,309,12,4,53,0,0,0,1,0,0,0,0
90,86,53,-3,13,44,443,0,3,46,0,0,0,1,0,0,0,0
131,32,29,-8,19,20,215,86,3,49,1,0,0,0,0,1,0,0
127,18,56,-15,15,37,123,83,4,48,0,0,0,0,0,0,1,0
114,39,57,-11,10,57,258,80,3,62,0,1,0,0,0,0,0,0
73,34,44,-13,11,30,219,48,3,58,0,0,0,1,0,0,0,0
130,62,54,-13,37,20,208,0,4,54,0,0,1,0,0,0,0,0
164,76,50,-8,14,58,248,0,3,40,1,0,0,0,0,0,1,0
101,75,36,-9,23,42,321,0,4,40,0,0,0,0,0,0,1,0
160,85,55,-8,32,46,283,2,4,42,1,0,0,0,0,0,1,0
83,45,60,-10,21,80,265,37,4,75,0,0,1,0,0,0,0,0
87,65,61,-8,5,79,259,23,5,52,1,0,0,1,0,0,0,0
95,94,33,-3,24,30,236,1,7,78,1,1,0,0,0,0,0,0
185,52,73,-11,8,96,203,7,12,60,0,0,1,0,0,0,0,0
138,55,59,-8,29,50,171,0,3,26,1,0,0,0,1,0,0,0
124,59,47,-8,28,18,236,42,3,38,1,0,1,0,0,0,0,0
120,60,85,-12,19,87,433,6,4,44,1,0,0,0,0,1,0,0
190,24,45,-14,7,30,336,55,3,77,0,0,0,1,0,0,0,0
92,71,56,-5,11,39,225,0,5,67,1,0,0,0,0,0,1,0
146,45,54,-9,11,14,283,46,3,69,1,0,0,1,0,0,0,0
75,92,51,-5,40,31,272,1,9,60,1,1,0,0,0,0,0,0
129,84,65,-6,24,71,195,50,19,56,0,0,0,1,0,0,0,0
81,49,53,-8,10,10,384,54,5,68,0,0,0,0,0,0,1,0
140,59,45,-7,8,20,279,5,3,78,1,0,0,1,0,0,0,0
174,90,41,-8,19,67,273,43,3,61,0,0,0,0,0,0,1,0
118,74,73,-8,21,96,237,18,4,74,0,0,1,0,0,0,0,0
137,76,60,-11,6,39,243,0,3,67,0,0,0,1,0,0,0,0
113,63,45,-12,9,36,233,8,3,67,0,1,0,0,0,0,0,0
140,39,43,-7,8,16,342,69,3,72,0,0,1,0,0,0,0,0
101,42,48,-10,14,47,197,9,3,44,0,0,0,0,0,0,1,0
112,81,65,-5,14,82,173,0,3,66,1,0,1,0,0,0,0,0
136,85,58,-6,79,58,302,53,5,42,1,0,1,0,0,0,0,0
122,56,78,-8,7,76,232,11,10,76,0,0,0,1,0,0,0,0
87,78,36,-8,38,58,236,1,4,53,1,0,0,1,0,0,0,0
198,52,70,-7,8,55,303,1,10,54,0,0,0,1,0,0,0,0
141,98,31,-3,26,63,211,9,10,42,0,0,1,0,0,0,0,0
133,64,55,-9,52,55,223,41,15,40,0,0,1,0,0,0,0,0
148,92,36,-4,10,23,223,0,8,77,1,0,1,0,0,0,0,0
172,80,21,-7,36,68,377,1,4,62,0,0,1,0,0,0,0,0
113,37,47,-5,19,22,160,25,3,55,0,0,0,0,0,1,0,0
115,59,66,-12,31,67,204,60,3,44,1,0,0,0,0,1,0,0
79,45,78,-6,18,59,282,47,3,84,1,0,0,0,0,0,1,0
120,76,63,-6,15,70,251,51,5,72,0,0,1,0,0,0,0,0
75,71,60,-4,17,55,200,39,30,78,1,0,0,1,0,0,0,0
123,93,45,-4,36,17,303,0,7,76,1,1,0,0,0,0,0,0
120,85,60,-5,12,15,203,2,46,84,1,0,0,1,0,0,0,0
81,60,22,-11,41,25,1121,27,6,47,0,0,1,0,0,0,0,0
115,65,45,-9,17,70,285,2,3,70,0,0,0,0,0,0,0,1
170,49,28,-8,17,53,427,16,3,66,1,0,0,0,0,0,0,1
167,68,50,-4,6,47,262,1,3,74,1,0,1,0,0,0,0,0
86,42,30,-9,23,33,262,22,3,72,0,0,1,0,0,0,0,0
134,51,51,-14,11,70,152,78,3,53,0,0,0,0,0,1,0,0
175,79,35,-5,38,80,231,16,4,33,1,0,0,1,0,0,0,0
75,66,53,-6,7,76,159,43,3,70,0,0,1,0,0,0,0,0
82,24,55,-14,12,33,413,18,4,37,0,0,0,0,1,0,0,0
112,30,59,-15,13,19,278,22,3,68,0,0,1,0,0,0,0,0
110,41,67,-9,3,71,214,15,6,42,1,0,1,0,0,0,0,0
58,40,25,-9,9,11,245,45,4,52,1,0,0,0,1,0,0,0
166,57,32,-5,11,38,212,38,3,59,1,0,0,0,0,0,1,0
111,85,64,-8,68,84,241,22,4,54,0,1,0,0,0,0,0,0
112,75,91,-10,4,83,234,7,25,48,1,0,0,1,0,0,0,0
132,63,69,-7,6,74,319,1,4,42,1,0,1,0,0,0,0,0
119,36,39,-11,12,31,444,0,3,63,0,0,1,0,0,0,0,0
79,33,40,-11,8,46,173,26,5,33,1,0,0,1,0,0,0,0
115,89,74,-4,9,96,203,8,5,64,1,0,0,0,0,0,1,0
64,46,27,-7,12,17,179,38,3,66,0,0,1,0,0,0,0,0
135,27,55,-15,11,21,234,42,3,59,0,0,1,0,0,0,0,0
159,57,35,-14,6,44,299,49,12,47,0,0,0,0,0,0,1,0
88,63,53,-13,8,75,228,6,5,65,0,0,1,0,0,0,0,0
136,33,50,-11,10,40,221,59,3,74,0,0,0,0,0,0,0,1
118,17,43,-11,11,14,296,42,4,54,0,0,1,0,0,0,0,0
156,97,31,-5,7,60,211,12,4,34,0,0,1,0,0,0,0,0
169,77,35,-6,2,53,210,1,4,71,0,0,1,0,0,0,0,0
94,45,49,-12,43,46,298,15,3,53,0,0,0,1,0,0,0,0
94,56,72,-11,6,59,250,19,3,53,0,0,1,0,0,0,0,0
147,90,53,-9,14,91,205,0,4,64,1,1,0,0,0,0,0,0
110,61,66,-10,8,77,292,6,3,69,0,0,1,0,0,0,0,0
155,20,42,-15,8,10,366,96,3,29,1,0,0,1,0,0,0,0
80,51,65,-10,40,39,241,7,6,80,0,0,0,1,0,0,0,0
107,69,30,-7,27,37,315,1,5,57,1,0,1,0,0,0,0,0
104,29,66,-11,11,30,233,87,3,80,1,0,0,1,0,0,0,0
123,68,53,-4,12,55,298,0,4,56,1,1,0,0,0,0,0,0
75,51,36,-9,17,32,264,6,3,74,0,1,0,0,0,0,0,0
98,37,48,-15,12,17,277,66,4,40,0,0,0,0,1,0,0,0
144,55,63,-9,10,52,274,37,5,72,0,0,1,0,0,0,0,0
110,78,65,-5,22,57,137,14,3,63,1,0,0,0,0,0,0,1
114,60,88,-11,14,96,201,28,4,53,1,0,0,0,1,0,0,0
118,89,76,-4,85,72,358,8,7,69,1,0,0,0,0,0,1,0
130,85,59,-6,27,81,161,6,3,69,0,0,1,0,0,0,0,0
146,69,59,-7,10,19,212,72,8,43,1,0,0,0,0,0,1,0
132,82,70,-7,35,83,340,44,3,53,0,0,1,0,0,0,0,0
126,72,49,-10,16,29,338,1,4,66,0,0,1,0,0,0,0,0
145,91,38,-4,24,27,266,0,9,65,1,1,0,0,0,0,0,0
93,37,48,-8,12,14,216,74,3,75,1,0,0,0,0,0,1,0
109,43,72,-12,10,67,186,7,4,47,0,0,1,0,0,0,0,0
106,72,82,-10,7,89,252,8,5,64,0,0,0,0,0,1,0,0
125,85,48,-9,4,94,155,64,5,74,0,0,0,0,0,0,0,1
108,57,66,-10,12,50,240,24,3,72,0,0,0,0,0,0,1,0
108,55,63,-13,6,20,299,72,6,67,0,0,0,0,0,0,1,0
93,46,45,-11,15,66,271,30,4,71,0,0,1,0,0,0,0,0
96,67,45,-9,80,58,123,9,7,65,0,0,0,0,0,0,0,1
131,76,48,-5,31,45,277,1,3,69,1,0,1,0,0,0,0,0
160,98,41,-4,8,35,323,0,5,56,0,0,1,0,0,0,0,0
186,99,38,-2,37,77,176,0,6,78,1,0,1,0,0,0,0,0
94,70,63,-5,8,53,261,17,2,74,1,0,1,0,0,0,0,0
68,58,23,-7,9,49,292,8,3,31,1,0,0,0,0,0,1,0
117,62,48,-7,26,15,241,6,4,58,1,0,1,0,0,0,0,0
176,74,66,-7,22,91,240,66,8,70,1,1,0,0,0,0,0,0
82,90,58,-3,6,68,191,19,6,87,1,0,0,0,0,0,1,0
103,95,54,-4,38,78,174,0,4,58,1,0,1,0,0,0,0,0
128,78,81,-4,19,82,220,6,5,38,1,0,0,0,0,0,1,0
142,97,48,-7,6,49,163,7,9,66,0,0,0,0,0,0,0,1
130,70,52,-7,13,35,268,4,4,41,1,0,0,0,0,0,1,0
138,99,51,-3,12,65,197,0,9,69,1,0,1,0,0,0,0,0
98,94,51,-10,14,50,394,17,4,71,0,0,1,0,0,0,0,0
107,80,82,-4,15,63,226,3,8,78,1,0,0,0,0,0,1,0
134,38,44,-16,7,30,192,66,3,32,0,0,0,1,0,0,0,0
117,47,73,-13,14,58,284,17,4,26,0,0,0,0,1,0,0,0
95,56,57,-7,11,50,232,10,5,73,0,0,0,0,0,0,1,0
141,63,41,-10,51,80,581,0,6,43,0,0,1,0,0,0,0,0
110,35,39,-10,11,16,306,67,3,19,1,0,0,0,1,0,0,0
102,73,48,-5,21,43,215,3,3,64,1,0,0,1,0,0,0,0
177,90,50,-7,14,77,183,36,18,79,0,0,1,0,0,0,0,0
136,17,54,-13,9,24,238,74,5,11,0,0,0,0,1,0,0,0
130,83,55,-5,6,14,204,4,3,65,1,0,0,1,0,0,0,0
168,80,53,-9,31,97,162,74,7,74,0,0,1,0,0,0,0,0
122,97,45,-5,10,20,217,3,11,74,1,1,0,0,0,0,0,0
130,62,77,-8,9,51,217,10,4,41,0,0,1,0,0,0,0,0
90,100,28,-4,15,10,291,0,16,57,0,1,0,0,0,0,0,0
116,28,44,-18,18,20,238,46,4,50,0,0,0,1,0,0,0,0
127,72,68,-6,27,57,214,8,4,70,1,0,0,1,0,0,0,0
170,28,47,-16,13,33,232,25,3,68,0,0,0,0,0,1,0,0
124,46,56,-7,10,19,245,72,3,38,1,0,0,0,0,0,1,0
85,50,42,-11,6,27,206,55,3,44,0,0,0,0,1,0,0,0
96,50,92,-10,7,56,194,1,10,46,0,0,1,0,0,0,0,0
74,23,45,-13,20,13,291,17,3,70,0,1,0,0,0,0,0,0
188,70,31,-6,8,76,255,1,5,83,0,0,1,0,0,0,0,0
97,15,52,-20,12,21,174,13,3,66,0,0,0,1,0,0,0,0
151,95,58,-4,4,78,269,2,6,40,1,0,0,0,1,0,0,0
181,62,61,-17,45,96,210,24,8,54,0,0,1,0,0,0,0,0
162,57,37,-9,13,66,331,39,3,53,0,0,1,0,0,0,0,0
112,71,37,-10,13,32,488,10,6,32,0,0,1,0,0,0,0,0
127,54,58,-13,12,42,349,14,4,37,0,0,1,0,0,0,0,0
120,79,70,-7,33,56,238,19,4,47,0,0,1,0,0,0,0,0
150,80,25,-4,31,25,309,13,4,73,0,0,0,1,0,0,0,0
130,93,48,-5,31,37,232,1,5,60,1,0,1,0,0,0,0,0
135,89,33,-6,35,16,287,9,7,50,0,0,1,0,0,0,0,0
128,49,41,-6,11,37,231,1,3,78,1,0,0,1,0,0,0,0
128,71,73,-6,10,97,240,14,3,84,1,0,0,0,0,0,1,0
129,94,70,-3,60,79,198,7,5,77,0,0,1,0,0,0,0,0
115,72,53,-6,11,59,324,0,3,44,1,0,1,0,0,0,0,0
140,43,44,-10,14,26,269,54,3,44,0,0,0,0,0,0,1,0
86,62,32,-10,25,47,449,64,6,67,0,0,1,0,0,0,0,0
130,82,68,-6,4,32,335,1,5,66,0,0,0,1,0,0,0,0
113,45,37,-10,69,19,521,4,3,75,0,0,0,1,0,0,0,0
133,43,39,-11,16,40,251,43,3,49,0,0,0,0,0,0,1,0
144,90,43,-4,21,60,279,0,4,51,0,1,0,0,0,0,0,0
127,58,79,-10,17,26,527,18,4,55,0,0,0,1,0,0,0,0
90,38,42,-13,27,52,182,73,3,66,0,0,0,0,0,1,0,0
80,77,78,-4,52,51,404,4,24,75,1,0,0,1,0,0,0,0
170,68,44,-7,9,19,295,46,3,57,1,0,1,0,0,0,0,0
115,74,65,-7,15,63,458,1,6,71,0,0,1,0,0,0,0,0
110,46,49,-9,57,71,208,74,3,62,0,0,0,0,0,1,0,0
169,84,47,-6,11,69,158,0,6,63,0,0,1,0,0,0,0,0
109,33,56,-16,32,33,195,47,3,54,0,0,0,0,0,1,0,0
85,40,52,-13,8,63,221,21,3,51,0,0,0,0,1,0,0,0
144,59,62,-11,5,65,253,4,3,60,0,1,0,0,0,0,0,0
98,41,85,-12,9,79,227,22,7,69,0,0,0,1,0,0,0,0
116,85,54,-7,31,31,188,2,4,42,0,0,0,0,1,0,0,0
96,90,47,-6,34,42,215,15,6,70,0,0,1,0,0,0,0,0
123,41,70,-14,14,26,394,72,3,46,0,0,1,0,0,0,0,0
121,69,78,-7,11,70,187,52,4,44,0,0,0,1,0,0,0,0
131,28,33,-13,13,28,188,43,3,64,1,0,1,0,0,0,0,0
120,76,70,-5,13,68,210,12,6,42,1,0,0,0,1,0,0,0
106,66,65,-10,19,45,356,45,5,58,0,0,0,1,0,0,0,0
81,62,63,-11,10,42,355,34,6,53,0,0,1,0,0,0,0,0
123,59,48,-5,18,20,218,27,5,44,1,0,0,0,0,0,1,0
139,43,57,-9,8,36,233,60,3,54,0,0,1,0,0,0,0,0
81,56,37,-11,97,42,224,75,5,54,1,0,0,0,0,0,1,0
117,65,54,-6,14,61,180,38,6,67,0,0,1,0,0,0,0,0
130,51,57,-9,30,33,253,55,4,69,0,0,0,1,0,0,0,0
96,77,59,-3,13,33,330,0,3,81,0,1,0,0,0,0,0,0
174,96,49,-2,46,81,277,3,39,77,1,0,0,1,0,0,0,0
109,59,57,-8,69,36,306,67,6,68,0,1,0,0,0,0,0,0
124,55,50,-7,9,63,196,68,3,62,1,0,1,0,0,0,0,0
103,31,40,-8,12,31,262,92,3,40,1,0,0,0,0,1,0,0
137,74,43,-9,10,23,294,0,3,46,0,0,1,0,0,0,0,0
106,52,72,-12,21,82,288,71,3,64,0,0,1,0,0,0,0,0
170,35,56,-14,20,72,247,43,3,46,0,0,0,0,0,0,1,0
113,93,56,-10,35,62,146,1,6,77,0,0,1,0,0,0,0,0
200,42,29,-9,10,35,232,84,4,48,0,0,0,1,0,0,0,0
95,87,60,-7,8,65,256,57,4,18,0,0,1,0,0,0,0,0
125,93,62,-6,27,55,306,6,11,39,0,0,0,1,0,0,0,0
83,63,41,-7,8,44,220,51,7,53,1,0,0,0,0,0,1,0
84,37,54,-10,8,24,279,69,3,72,0,0,0,1,0,0,0,0
151,81,58,-7,22,87,290,3,4,74,0,0,1,0,0,0,0,0
152,86,46,-6,10,37,289,0,7,47,1,0,0,0,0,0,1,0
113,93,26,-7,11,28,417,0,11,62,0,1,0,0,0,0,0,0
74,17,33,-13,9,10,219,91,3,57,1,0,0,0,0,0,1,0
125,71,69,-7,12,88,217,23,3,81,0,0,0,0,0,0,1,0
109,33,67,-17,8,49,284,61,6,63,1,0,0,1,0,0,0,0
122,95,40,-6,10,58,279,0,6,75,0,0,1,0,0,0,0,0
125,95,45,-5,11,62,356,9,5,73,0,0,0,1,0,0,0,0
120,43,51,-10,6,21,309,18,4,67,0,0,0,0,0,0,1,0
132,47,57,-6,15,26,241,74,4,57,0,0,0,1,0,0,0,0
123,82,58,-9,6,64,332,0,3,74,0,1,0,0,0,0,0,0
157,88,44,-5,21,51,255,0,6,64,0,1,0,0,0,0,0,0
141,93,33,-9,30,38,308,0,7,75,0,0,1,0,0,0,0,0
125,67,42,-7,6,34,351,61,5,66,0,0,1,0,0,0,0,0
116,88,74,-6,42,33,317,0,4,66,1,0,0,0,0,0,1,0
140,55,56,-7,17,19,273,19,3,71,1,0,0,1,0,0,0,0
146,58,47,-7,25,37,183,51,3,49,1,0,1,0,0,0,0,0
175,10,38,-21,6,44,165,91,5,69,0,0,1,0,0,0,0,0
84,10,55,-20,8,7,407,70,3,38,0,0,1,0,0,0,0,0
100,65,53,-9,11,42,179,29,4,53,0,0,1,0,0,0,0,0
115,73,71,-6,13,93,242,28,3,52,0,0,1,0,0,0,0,0
118,97,57,-4,8,57,347,0,5,58,0,0,0,1,0,0,0,0
99,28,43,-12,12,4,280,73,3,75,0,0,0,0,0,0,1,0
79,33,40,-9,19,55,174,86,4,74,0,0,0,0,0,1,0,0
119,72,67,-8,4,83,193,4,4,67,0,0,1,0,0,0,0,0
123,70,61,-9,33,48,320,2,13,75,1,0,0,1,0,0,0,0
106,73,79,-5,10,94,200,0,3,55,1,0,0,0,0,0,0,1
92,74,70,-7,11,20,302,7,7,74,1,1,0,0,0,0,0,0
70,59,43,-6,9,25,259,46,3,45,1,0,0,0,0,0,1,0
112,59,30,-10,63,40,364,57,5,59,1,0,0,1,0,0,0,0
86,51,71,-9,10,52,270,58,3,68,0,0,0,0,0,0,0,1
125,78,78,-4,8,67,204,6,13,88,1,0,1,0,0,0,0,0
117,92,64,-6,62,87,260,18,6,69,0,1,0,0,0,0,0,0
111,24,60,-17,25,47,217,89,4,65,0,0,1,0,0,0,0,0
158,45,48,-6,9,29,295,34,3,73,1,0,0,0,0,0,0,1
147,87,64,-11,11,61,298,0,6,48,0,0,0,1,0,0,0,0
159,99,24,-4,83,37,187,1,10,58,1,1,0,0,0,0,0,0
127,54,38,-5,9,19,276,2,3,57,1,1,0,0,0,0,0,0
114,83,42,-5,16,61,501,1,4,49,1,0,1,0,0,0,0,0
132,68,52,-5,6,11,214,8,4,56,1,0,0,1,0,0,0,0
124,54,47,-10,27,78,383,2,15,73,0,0,1,0,0,0,0,0
82,47,41,-7,10,39,210,56,3,61,1,0,0,0,0,0,1,0
94,54,79,-7,20,89,215,9,5,49,1,0,0,0,0,0,1,0
135,33,65,-11,22,52,272,43,3,42,1,0,1,0,0,0,0,0
118,84,54,-7,6,19,310,6,6,75,0,0,1,0,0,0,0,0
98,41,58,-16,6,53,310,13,3,53,0,0,1,0,0,0,0,0
90,21,12,-11,13,5,223,84,4,54,1,0,0,1,0,0,0,0
175,79,46,-10,11,86,234,1,8,49,0,0,0,0,1,0,0,0
87,38,35,-10,12,53,253,73,4,15,1,0,0,0,0,0,1,0
106,30,35,-12,14,3,703,16,3,61,0,0,1,0,0,0,0,0
173,30,32,-13,70,44,264,77,3,75,1,0,0,1,0,0,0,0
117,91,57,-7,6,84,207,9,4,71,0,0,1,0,0,0,0,0
159,84,29,-4,10,42,334,0,8,65,0,0,1,0,0,0,0,0
119,91,28,-6,18,26,270,3,11,70,0,0,1,0,0,0,0,0
131,96,62,-5,51,97,217,13,4,47,1,0,1,0,0,0,0,0
118,71,73,-9,8,85,291,63,3,65,0,0,1,0,0,0,0,0
127,82,89,-5,13,96,239,23,4,71,0,0,0,0,0,0,1,0
139,80,76,-6,17,91,258,3,4,60,0,0,0,0,0,0,1,0
100,71,55,-8,8,30,218,6,5,60,1,0,1,0,0,0,0,0
93,74,67,-8,20,77,282,14,19,61,0,0,1,0,0,0,0,0
90,66,54,-8,55,49,214,14,4,48,1,0,1,0,0,0,0,0
92,87,51,-7,5,39,266,19,5,31,1,0,0,1,0,0,0,0
161,56,44,-12,21,50,194,5,12,64,0,0,1,0,0,0,0,0
170,89,32,-7,9,87,221,0,4,67,0,0,1,0,0,0,0,0
105,94,39,-7,30,27,293,0,8,75,0,1,0,0,0,0,0,0
89,45,62,-14,7,87,156,59,3,74,0,0,1,0,0,0,0,0
143,83,44,-7,32,65,322,5,3,66,1,0,0,1,0,0,0,0
131,86,74,-8,7,78,271,18,4,69,0,0,1,0,0,0,0,0
98,35,54,-9,13,16,274,32,3,30,1,0,0,0,1,0,0,0
170,34,25,-16,14,37,450,80,3,36,0,0,0,0,0,0,1,0
119,76,52,-7,7,58,171,16,5,61,0,0,1,0,0,0,0,0
204,47,24,-8,12,39,205,31,4,62,0,1,0,0,0,0,0,0
111,57,70,-8,11,71,236,1,3,51,1,0,0,0,0,0,1,0
115,31,69,-17,10,56,266,80,3,57,0,0,0,1,0,0,0,0
113,25,68,-17,8,81,310,70,3,60,0,0,0,0,0,0,1,0
80,9,46,-15,8,31,282,97,3,62,0,0,0,0,0,1,0,0
119,82,71,-9,9,87,291,21,5,81,0,0,0,0,0,0,1,0
88,87,25,-4,12,13,268,5,5,56,1,0,0,0,1,0,0,0
135,63,42,-7,59,81,245,75,8,53,0,0,0,1,0,0,0,0
122,65,60,-11,13,71,201,3,6,58,0,0,1,0,0,0,0,0
125,55,44,-10,18,49,251,13,4,43,0,0,0,0,1,0,0,0
134,75,29,-9,68,35,210,5,5,66,0,0,1,0,0,0,0,0
76,58,35,-8,12,11,223,6,4,61,1,0,0,1,0,0,0,0
122,93,63,-4,9,97,213,4,4,76,0,0,1,0,0,0,0,0
135,90,40,-5,54,84,193,7,4,67,0,0,1,0,0,0,0,0
104,61,28,-5,10,8,403,0,3,72,1,0,1,0,0,0,0,0
105,91,46,-4,36,61,258,2,6,72,1,1,0,0,0,0,0,0
91,61,74,-11,6,89,221,9,8,55,0,0,1,0,0,0,0,0
122,49,35,-7,21,21,273,47,3,41,1,0,0,0,0,0,1,0
138,64,71,-10,19,10,177,0,9,53,1,0,0,1,0,0,0,0
110,71,80,-5,34,85,289,44,4,67,0,0,1,0,0,0,0,0
108,38,61,-10,10,20,259,61,5,84,1,0,0,0,0,0,1,0
127,90,56,-6,57,80,267,12,10,50,0,0,1,0,0,0,0,0
115,97,60,-6,13,72,212,0,5,64,1,0,0,0,0,1,0,0
77,51,57,-7,9,51,484,23,5,77,1,0,0,0,0,0,1,0
80,45,39,-10,19,39,240,0,3,46,0,0,0,0,0,0,1,0
125,78,55,-5,8,46,255,3,4,78,1,0,0,1,0,0,0,0
74,65,62,-7,10,56,288,57,18,74,1,0,0,0,0,0,1,0
119,50,46,-12,27,53,266,6,4,58,0,0,1,0,0,0,0,0
118,72,78,-6,7,71,246,13,4,70,1,0,0,0,0,0,1,0
111,54,67,-11,13,81,162,57,4,74,0,0,0,0,0,0,1,0
97,18,33,-12,9,32,126,88,3,78,0,0,0,0,0,0,0,1
138,87,23,-5,29,19,256,0,5,69,1,1,0,0,0,0,0,0
119,50,75,-9,9,34,258,1,4,63,0,0,1,0,0,0,0,0
133,72,87,-10,18,97,229,9,5,61,1,0,0,1,0,0,0,0
121,19,41,-13,11,63,246,85,3,64,0,0,0,0,0,1,0,0
119,76,66,-7,9,54,478,1,4,47,0,0,1,0,0,0,0,0
113,84,71,-8,30,86,246,16,4,62,0,0,1,0,0,0,0,0
125,60,48,-9,11,67,313,8,3,71,0,0,1,0,0,0,0,0
133,42,42,-10,16,25,236,84,4,48,1,0,0,0,1,0,0,0
133,66,64,-8,15,66,141,20,4,80,0,0,1,0,0,0,0,0
109,50,27,-9,10,13,266,28,3,50,0,0,0,0,1,0,0,0
160,74,27,-5,63,42,321,5,4,75,1,0,1,0,0,0,0,0
120,91,55,-4,35,54,224,3,5,77,1,0,0,1,0,0,0,0
127,77,53,-6,39,76,210,0,6,78,0,0,1,0,0,0,0,0
100,88,62,-3,33,78,171,7,10,80,1,0,0,0,0,0,1,0
131,42,31,-9,8,24,242,13,3,84,1,0,0,1,0,0,0,0
90,47,37,-15,7,5,335,54,8,63,0,0,1,0,0,0,0,0
167,74,49,-6,11,46,255,28,4,44,0,0,1,0,0,0,0,0
102,58,52,-10,11,34,211,3,3,52,0,0,1,0,0,0,0,0
90,74,49,-5,30,36,259,26,4,78,1,0,0,1,0,0,0,0
138,62,63,-7,16,50,225,54,3,58,0,0,0,0,0,0,1,0
151,58,49,-11,41,91,183,18,4,79,0,0,1,0,0,0,0,0
128,54,33,-9,21,82,146,57,4,29,1,0,0,0,1,0,0,0
126,32,65,-11,13,28,233,66,3,56,1,1,0,0,0,0,0,0
96,39,57,-6,23,32,216,37,3,88,1,0,0,0,0,0,1,0
179,77,51,-6,6,94,142,6,3,77,0,0,1,0,0,0,0,0
119,26,67,-14,6,37,147,45,5,77,0,0,0,0,0,1,0,0
80,50,50,-11,20,34,201,35,5,63,0,0,1,0,0,0,0,0
80,72,51,-6,6,47,262,27,6,78,1,0,0,0,0,0,1,0
89,27,40,-17,11,49,167,72,3,63,0,0,0,0,0,1,0,0
136,55,43,-6,11,41,272,67,3,72,0,0,1,0,0,0,0,0
61,13,27,-14,33,18,232,94,4,38,1,0,0,1,0,0,0,0
142,66,46,-8,9,34,274,28,5,44,1,0,0,0,0,1,0,0
159,17,48,-19,12,19,228,73,5,57,0,0,1,0,0,0,0,0
127,35,53,-15,15,73,193,12,3,57,0,0,0,0,0,1,0,0
136,80,67,-5,6,79,211,1,3,56,1,0,0,0,1,0,0,0
107,29,55,-13,9,32,151,49,3,69,0,0,1,0,0,0,0,0
68,72,60,-4,35,37,242,8,3,59,1,0,0,0,0,0,1,0
125,27,62,-17,11,34,284,88,5,48,0,0,0,0,0,0,1,0
96,91,56,-2,35,73,282,2,4,76,1,1,0,0,0,0,0,0
105,55,52,-11,17,52,196,83,3,63,0,0,1,0,0,0,0,0
137,69,55,-14,14,67,262,2,4,74,0,0,1,0,0,0,0,0
132,86,61,-9,26,64,243,3,4,56,0,0,0,0,1,0,0,0
131,41,55,-11,24,86,152,46,5,23,1,0,0,0,1,0,0,0
111,42,56,-8,41,45,269,91,7,35,0,0,1,0,0,0,0,0
122,67,63,-7,28,48,298,64,3,43,1,0,1,0,0,0,0,0
116,26,67,-11,7,69,234,61,4,71,0,0,0,1,0,0,0,0
99,26,71,-15,10,56,177,88,4,71,0,0,0,1,0,0,0,0
87,25,41,-13,38,32,221,74,3,17,1,0,0,0,1,0,0,0
133,32,42,-13,9,41,200,62,3,68,0,0,0,0,0,0,0,1
91,22,69,-15,11,47,233,92,6,39,0,0,0,0,0,0,1,0
130,73,70,-8,10,64,243,43,3,66,0,0,1,0,0,0,0,0
130,71,66,-7,7,86,122,0,9,64,1,1,0,0,0,0,0,0
134,86,50,-6,8,42,209,1,7,68,0,1,0,0,0,0,0,0
178,68,30,-8,43,77,249,83,25,46,1,0,0,1,0,0,0,0
153,63,57,-9,27,79,300,13,4,76,0,0,1,0,0,0,0,0
139,71,82,-7,61,77,223,1,18,80,1,1,0,0,0,0,0,0
134,66,67,-9,6,66,506,5,4,62,0,0,1,0,0,0,0,0
133,80,74,-8,19,98,239,0,4,54,1,0,0,0,0,0,1,0
138,85,60,-6,6,9,235,1,6,58,1,0,0,1,0,0,0,0
115,48,68,-13,12,78,250,48,4,74,0,0,1,0,0,0,0,0
75,88,28,-6,40,60,341,1,4,75,0,1,0,0,0,0,0,0
174,44,64,-14,9,15,154,13,20,68,1,0,0,0,0,0,1,0
128,40,40,-9,9,22,240,3,3,49,1,0,0,0,1,0,0,0
101,78,44,-5,29,19,602,1,4,38,1,0,0,1,0,0,0,0
168,77,38,-6,27,42,185,0,4,57,1,0,0,0,0,0,1,0
117,78,52,-4,11,90,236,0,4,66,1,1,0,0,0,0,0,0
96,62,41,-6,40,23,250,9,7,68,1,0,0,0,0,0,1,0
121,37,51,-9,32,20,362,50,3,61,0,0,1,0,0,0,0,0
189,76,43,-8,55,66,247,2,4,57,1,0,0,1,0,0,0,0
174,89,36,-7,13,26,294,2,12,68,0,1,0,0,0,0,0,0
86,22,43,-9,11,40,230,95,4,71,1,0,0,0,0,0,1,0
138,75,75,-7,44,83,215,29,3,63,0,0,0,1,0,0,0,0
124,39,61,-11,11,22,255,53,4,67,1,0,0,1,0,0,0,0
84,90,57,-8,9,88,225,2,5,83,0,0,1,0,0,0,0,0
120,57,51,-7,11,16,280,4,3,71,0,0,0,1,0,0,0,0
136,99,61,-5,11,23,343,0,15,65,0,0,0,1,0,0,0,0
128,80,45,-9,11,25,251,0,5,46,1,0,1,0,0,0,0,0
