Year,BPM,Energy,Danceability,Loudness,Liveness,Valence,Length,Acousticness,Speechiness,Popularity,genre_0,genre_1,genre_2,genre_3,genre_4,genre_5,genre_6,genre_7
2012,136,78,45,-4,67,24,187,11,6,73,0,0,1,0,0,0,0,0
1971,134,32,28,-17,11,14,1412,37,4,58,1,0,0,0,0,0,0,0
2007,93,93,44,-3,8,40,203,1,5,62,0,0,0,0,0,1,0,0
2014,93,48,74,-9,11,36,285,3,4,73,0,1,0,0,0,0,0,0
2004,117,75,61,-9,39,97,394,1,3,49,0,0,0,0,1,0,0,0
2013,126,34,47,-8,11,24,165,86,4,63,0,0,0,0,0,0,0,1
1987,95,20,54,-19,33,23,257,86,3,55,1,0,0,0,0,0,0,0
1997,99,28,43,-12,12,4,280,73,3,75,0,0,0,1,0,0,0,0
1989,116,39,65,-12,32,60,177,2,3,61,0,0,0,0,0,1,0,0
1969,89,27,40,-17,11,49,167,72,3,63,0,0,0,0,1,0,0,0
1989,92,65,48,-6,55,54,301,16,3,33,1,0,0,0,0,0,0,0
1974,117,65,54,-6,14,61,180,38,6,67,1,0,0,0,0,0,0,0
1958,175,76,36,-8,76,95,136,73,6,69,0,0,0,0,1,0,0,0
1997,113,37,47,-5,19,22,160,25,3,55,0,0,0,0,1,0,0,0
2007,106,84,70,-5,12,89,219,0,5,62,0,0,0,0,0,0,1,0
2015,121,62,88,-9,5,30,384,0,5,63,0,1,0,0,0,0,0,0
2008,91,59,56,-10,23,48,284,28,3,50,1,0,0,0,0,0,0,0
1988,129,74,48,-10,5,60,218,1,8,45,0,1,0,0,0,0,0,0
1995,137,49,76,-11,21,88,257,67,3,46,1,0,0,0,0,0,0,0
1984,126,80,63,-8,40,87,232,20,3,69,1,0,0,0,0,0,0,0
1973,117,85,28,-8,6,44,559,1,5,71,1,0,0,0,0,0,0,0
2012,130,73,53,-5,8,57,205,0,3,48,0,0,0,0,0,0,0,1
2002,171,58,51,-5,37,67,279,3,6,65,0,0,0,0,0,1,0,0
1988,186,44,24,-11,7,40,390,11,3,63,1,0,0,0,0,0,0,0
2014,130,70,76,-9,4,30,268,7,4,42,0,0,0,0,0,0,0,1
2018,178,64,38,-7,37,8,261,7,7,83,0,0,1,0,0,0,0,0
1991,117,77,65,-10,36,95,242,21,3,71,1,0,0,0,0,0,0,0
2012,122,26,39,-10,9,18,282,81,3,55,0,0,0,1,0,0,0,0
1974,128,64,51,-12,9,83,208,17,4,55,1,0,0,0,0,0,0,0
1985,108,55,63,-13,6,20,299,72,6,67,0,0,0,1,0,0,0,0
2011,118,73,43,-7,17,31,241,0,4,68,0,1,0,0,0,0,0,0
2004,136,43,28,-7,6,7,219,28,3,55,0,0,0,1,0,0,0,0
1999,130,66,44,-8,10,18,270,20,7,75,0,1,0,0,0,0,0,0
1970,147,91,60,-7,8,72,290,31,6,64,0,0,0,0,1,0,0,0
2004,98,50,52,-11,11,66,242,16,3,46,1,0,0,0,0,0,0,0
1965,136,86,72,-8,13,93,223,4,3,77,1,0,0,0,0,0,0,0
1980,117,92,64,-6,62,87,260,18,6,69,0,0,0,0,0,1,0,0
2010,89,73,63,-6,16,50,324,9,3,38,0,0,0,1,0,0,0,0
2017,168,82,61,-5,15,29,187,1,4,86,0,0,1,0,0,0,0,0
2015,87,65,66,-4,6,37,203,12,5,73,0,0,0,0,0,0,1,0
1992,144,55,27,-8,12,20,374,3,3,68,0,0,0,0,0,1,0,0
1977,102,63,68,-9,31,48,261,36,3,60,1,0,0,0,0,0,0,0
1997,95,43,48,-8,16,65,153,18,3,75,0,0,1,0,0,0,0,0
2009,182,24,19,-13,11,11,226,24,3,49,0,0,0,0,0,0,0,1
2014,83,58,27,-9,37,65,198,50,4,40,0,1,0,0,0,0,0,0
1977,134,98,32,-4,20,17,212,4,12,54,0,1,0,0,0,0,0,0
1974,98,61,60,-12,9,89,284,18,3,82,1,0,0,0,0,0,0,0
1966,112,44,55,-14,44,63,187,53,7,75,0,0,0,0,1,0,0,0
1982,170,35,56,-14,20,72,247,43,3,46,0,0,0,0,0,0,0,1
2009,144,34,64,-11,11,55,251,91,3,69,0,0,0,0,0,1,0,0
1988,103,69,44,-9,42,43,446,0,6,67,0,0,0,0,0,1,0,0
2001,123,63,65,-7,28,71,172,78,3,47,0,0,0,0,1,0,0,0
2005,123,90,52,-7,7,36,288,0,6,69,0,1,0,0,0,0,0,0
1989,94,56,72,-11,6,59,250,19,3,53,0,0,0,0,0,0,1,0
2009,108,74,59,-8,18,29,379,51,3,55,0,0,0,0,0,0,1,0
1979,104,37,55,-12,17,46,286,57,2,49,0,1,0,0,0,0,0,0
1987,96,32,61,-15,14,29,209,63,5,55,0,0,0,0,0,0,0,1
2008,90,52,63,-6,35,43,249,11,3,68,0,0,0,0,0,0,1,0
2001,137,33,51,-11,18,27,198,72,11,58,0,0,0,0,0,0,1,0
1985,117,67,60,-8,11,30,224,4,3,37,0,0,0,0,0,0,1,0
1997,87,49,59,-8,6,35,283,14,2,35,1,0,0,0,0,0,0,0
2018,128,78,81,-4,19,82,220,6,5,38,0,0,0,1,0,0,0,0
1997,142,63,76,-10,4,93,181,35,31,45,1,0,0,0,0,0,0,0
2017,147,89,55,-3,89,72,233,0,3,67,0,0,1,0,0,0,0,0
1980,120,74,71,-11,26,87,266,27,5,62,1,0,0,0,0,0,0,0
1977,98,65,69,-8,11,71,255,29,3,72,0,1,0,0,0,0,0,0
1992,142,28,39,-13,14,40,196,50,3,49,0,1,0,0,0,0,0,0
2013,128,87,68,-6,37,4,304,0,4,65,0,1,0,0,0,0,0,0
1966,103,13,59,-15,26,7,202,19,6,64,0,1,0,0,0,0,0,0
1975,89,59,39,-11,15,30,525,19,4,49,1,0,0,0,0,0,0,0
1969,108,54,86,-9,7,87,166,58,8,73,1,0,0,0,0,0,0,0
2013,148,84,52,-7,20,86,213,1,6,28,0,0,0,0,0,0,0,1
2007,144,77,51,-6,17,57,210,0,4,36,0,0,0,0,0,0,0,1
2013,85,43,67,-10,13,34,190,12,12,79,0,0,0,1,0,0,0,0
2004,105,68,28,-9,14,49,237,0,4,74,0,0,0,0,0,1,0,0
1977,80,48,59,-9,9,49,324,39,2,60,1,0,0,0,0,0,0,0
1980,129,84,65,-6,24,71,195,50,19,56,0,1,0,0,0,0,0,0
1986,128,76,78,-8,8,82,280,18,5,75,1,0,0,0,0,0,0,0
1967,132,58,50,-9,32,65,175,41,3,69,1,0,0,0,0,0,0,0
2016,98,72,68,-9,13,57,225,20,6,60,0,0,0,0,0,0,0,1
2013,78,40,57,-11,8,30,266,74,3,49,0,1,0,0,0,0,0,0
1999,149,90,43,-5,61,68,167,1,5,79,0,0,0,1,0,0,0,0
1997,153,23,38,-12,13,15,225,85,3,61,0,0,0,0,1,0,0,0
1985,125,6,41,-22,10,18,240,67,4,51,0,1,0,0,0,0,0,0
2015,164,72,48,-5,10,25,405,5,6,70,0,1,0,0,0,0,0,0
2018,140,49,57,-11,17,73,179,2,5,20,0,0,0,0,0,0,0,1
2013,108,87,74,-3,27,59,225,3,4,62,0,1,0,0,0,0,0,0
2005,99,48,59,-10,9,15,353,64,2,39,1,0,0,0,0,0,0,0
2013,76,5,63,-21,10,20,301,56,4,64,0,0,0,1,0,0,0,0
2016,121,73,67,-7,18,78,218,28,4,62,0,0,0,0,0,0,0,1
2005,131,90,61,-7,17,39,209,18,4,57,0,1,0,0,0,0,0,0
1985,79,44,22,-9,12,13,419,50,4,52,1,0,0,0,0,0,0,0
1967,80,78,53,-6,22,96,167,71,4,73,0,0,0,1,0,0,0,0
2014,175,52,48,-12,9,10,311,33,4,63,0,0,0,1,0,0,0,0
1981,121,32,50,-14,38,28,321,72,5,47,1,0,0,0,0,0,0,0
1991,113,40,69,-10,6,55,255,37,3,49,1,0,0,0,0,0,0,0
1984,171,34,28,-13,13,23,277,72,3,67,0,1,0,0,0,0,0,0
2004,103,86,63,-7,7,73,357,21,5,63,0,1,0,0,0,0,0,0
1987,110,43,54,-12,14,11,296,0,3,80,1,0,0,0,0,0,0,0
1972,139,67,57,-10,13,74,212,34,3,75,1,0,0,0,0,0,0,0
1963,160,80,49,-10,7,97,174,27,4,71,0,1,0,0,0,0,0,0
2010,123,81,50,-6,15,28,206,4,4,47,0,0,0,0,0,0,0,1
1974,106,54,76,-10,6,96,193,79,5,64,0,0,0,0,1,0,0,0
1983,105,40,61,-15,5,71,244,10,3,33,0,0,0,0,0,1,0,0
2009,128,77,74,-6,51,61,289,9,3,69,0,0,0,0,0,0,1,0
1976,121,37,51,-9,32,20,362,50,3,61,1,0,0,0,0,0,0,0
1977,139,45,59,-9,13,51,291,70,4,68,1,0,0,0,0,0,0,0
1967,115,48,68,-13,12,78,250,48,4,74,1,0,0,0,0,0,0,0
1998,127,90,56,-6,57,80,267,12,10,50,0,0,0,0,0,0,1,0
1969,91,46,55,-9,10,54,325,34,3,60,0,1,0,0,0,0,0,0
2016,98,55,37,-8,18,11,598,21,3,55,1,0,0,0,0,0,0,0
1980,77,76,60,-7,35,72,163,71,4,66,1,0,0,0,0,0,0,0
1998,128,80,57,-8,9,21,281,2,3,45,0,0,0,0,0,0,1,0
1991,125,15,59,-17,24,11,333,85,3,66,1,0,0,0,0,0,0,0
2003,150,93,24,-3,97,23,185,36,8,60,1,0,0,0,0,0,0,0
2005,117,93,38,-2,81,40,639,18,10,26,1,0,0,0,0,0,0,0
1989,132,88,49,-5,37,52,282,0,3,65,1,0,0,0,0,0,0,0
1975,81,25,25,-17,21,32,264,91,3,37,0,0,0,0,0,0,0,1
2005,67,13,47,-14,9,36,281,93,8,69,0,1,0,0,0,0,0,0
2005,171,74,69,-5,36,6,326,1,26,77,0,1,0,0,0,0,0,0
2014,126,81,64,-6,7,72,177,8,3,59,0,0,0,0,0,0,0,1
2006,113,55,67,-8,9,29,287,74,3,70,0,1,0,0,0,0,0,0
1978,137,34,54,-14,13,30,236,46,4,49,1,0,0,0,0,0,0,0
2005,130,70,79,-10,8,86,451,0,6,73,0,0,0,0,0,1,0,0
2016,105,24,61,-17,25,37,290,76,3,28,0,1,0,0,0,0,0,0
1969,129,41,46,-11,28,44,173,5,4,48,1,0,0,0,0,0,0,0
2004,96,60,53,-6,11,35,305,0,2,57,1,0,0,0,0,0,0,0
1982,174,94,25,-5,16,46,234,3,7,60,1,0,0,0,0,0,0,0
2010,131,83,43,-7,92,71,217,1,3,14,1,0,0,0,0,0,0,0
2011,168,94,48,-7,28,26,213,0,3,60,0,1,0,0,0,0,0,0
1995,78,31,51,-10,13,22,223,93,5,47,0,0,0,0,0,0,0,1
1991,130,51,57,-9,30,33,253,55,4,69,0,1,0,0,0,0,0,0
2002,127,56,61,-6,4,24,297,18,3,64,0,1,0,0,0,0,0,0
1984,122,95,40,-6,10,58,279,0,6,75,1,0,0,0,0,0,0,0
1975,130,73,70,-8,10,64,243,43,3,66,1,0,0,0,0,0,0,0
2004,154,70,68,-10,33,51,306,8,3,59,0,1,0,0,0,0,0,0
2009,119,53,68,-12,8,68,264,34,4,44,0,0,0,1,0,0,0,0
1987,114,85,88,-5,14,54,298,5,15,72,0,0,0,1,0,0,0,0
2010,109,84,64,-5,9,43,221,2,4,80,0,0,0,0,0,0,1,0
1993,76,56,59,-15,8,84,388,11,4,38,0,0,0,0,0,0,0,1
1979,134,80,65,-7,8,78,200,12,5,73,1,0,0,0,0,0,0,0
1999,139,28,49,-12,11,16,237,65,3,61,0,0,1,0,0,0,0,0
1995,87,33,52,-14,12,12,267,58,3,61,1,0,0,0,0,0,0,0
2000,174,45,46,-11,8,42,257,16,3,74,0,0,0,0,0,0,1,0
1982,176,26,31,-19,7,19,423,15,3,22,1,0,0,0,0,0,0,0
1987,106,52,72,-12,21,82,288,71,3,64,0,0,0,0,0,0,1,0
1984,113,93,26,-7,11,28,417,0,11,62,0,0,0,0,0,1,0,0
1994,90,82,40,-7,37,10,231,0,5,62,0,0,0,0,0,1,0,0
2013,85,53,55,-8,22,41,272,19,3,82,1,0,0,0,0,0,0,0
1995,73,34,44,-13,11,30,219,48,3,58,0,1,0,0,0,0,0,0
2018,105,66,40,-7,23,39,217,3,3,27,0,0,0,0,0,0,0,1
1982,107,66,45,-7,26,78,287,66,5,68,0,0,0,1,0,0,0,0
2001,79,64,47,-6,15,50,260,15,3,77,0,0,0,0,0,0,1,0
1998,77,42,62,-9,14,22,331,2,4,69,0,1,0,0,0,0,0,0
1983,120,80,71,-5,35,73,238,22,3,76,0,0,0,0,0,0,1,0
1986,131,88,66,-6,7,84,210,34,3,60,1,0,0,0,0,0,0,0
1995,135,37,24,-8,9,30,251,84,3,66,0,0,0,0,1,0,0,0
1985,116,28,44,-18,18,20,238,46,4,50,0,1,0,0,0,0,0,0
1988,141,98,31,-3,26,63,211,9,10,42,1,0,0,0,0,0,0,0
1999,95,91,92,-2,9,31,162,3,27,70,0,1,0,0,0,0,0,0
1998,93,74,67,-8,20,77,282,14,19,61,0,0,0,0,0,0,1,0
1985,103,91,57,-4,13,56,289,8,4,64,1,0,0,0,0,0,0,0
1973,181,39,36,-14,12,50,218,75,3,61,0,0,0,0,1,0,0,0
2013,121,66,60,-6,12,29,245,23,5,80,0,1,0,0,0,0,0,0
1973,125,60,48,-9,11,67,313,8,3,71,1,0,0,0,0,0,0,0
2006,165,56,48,-6,18,54,154,32,3,67,0,1,0,0,0,0,0,0
1969,129,54,56,-10,18,39,186,3,3,82,0,1,0,0,0,0,0,0
2012,180,42,50,-8,11,22,281,13,7,70,0,0,1,0,0,0,0,0
2014,135,72,76,-8,95,51,280,5,24,47,0,0,0,0,0,0,0,1
1977,200,42,29,-9,10,35,232,84,4,48,0,1,0,0,0,0,0,0
1980,127,79,46,-7,8,52,295,55,4,59,0,1,0,0,0,0,0,0
2010,99,19,65,-14,13,23,231,98,3,48,0,0,0,1,0,0,0,0
1976,136,83,51,-8,12,74,513,4,8,69,1,0,0,0,0,0,0,0
1963,175,10,38,-21,6,44,165,91,5,69,1,0,0,0,0,0,0,0
1985,143,83,54,-6,17,71,178,11,3,54,0,0,0,0,0,0,1,0
1986,105,83,54,-9,15,56,515,0,4,67,0,0,0,0,0,1,0,0
1997,166,50,40,-12,10,68,257,83,4,68,0,1,0,0,0,0,0,0
1982,94,60,81,-10,6,75,239,12,6,71,0,1,0,0,0,0,0,0
2003,118,82,67,-9,5,78,629,3,8,59,0,1,0,0,0,0,0,0
1994,132,86,61,-9,26,64,243,3,4,56,0,0,0,0,0,0,0,1
2003,131,80,75,-5,42,37,281,24,5,55,0,0,0,1,0,0,0,0
1984,177,55,52,-14,18,91,289,50,4,76,1,0,0,0,0,0,0,0
2017,171,75,56,-8,15,35,240,27,31,69,0,1,0,0,0,0,0,0
1990,170,39,19,-14,12,32,371,26,4,65,1,0,0,0,0,0,0,0
1979,118,53,67,-11,30,81,303,9,3,64,0,0,0,0,1,0,0,0
2003,175,79,35,-5,38,80,231,16,4,33,0,1,0,0,0,0,0,0
1983,143,76,60,-12,10,84,409,6,5,48,1,0,0,0,0,0,0,0
1965,117,29,58,-13,11,67,162,65,3,67,0,1,0,0,0,0,0,0
1977,89,75,61,-9,14,61,277,32,9,48,0,1,0,0,0,0,0,0
1975,90,90,47,-7,29,21,325,11,3,53,1,0,0,0,0,0,0,0
2002,159,99,24,-4,83,37,187,1,10,58,0,0,0,0,0,1,0,0
1998,84,48,50,-8,20,47,190,48,9,50,0,0,0,0,0,1,0,0
2016,100,53,56,-11,11,67,278,2,3,41,1,0,0,0,0,0,0,0
2004,138,84,47,-4,16,48,220,0,3,43,0,0,1,0,0,0,0,0
2004,148,92,36,-4,10,23,223,0,8,77,0,0,1,0,0,0,0,0
1983,122,65,60,-11,13,71,201,3,6,58,0,0,0,0,0,0,1,0
1998,143,90,72,-4,7,96,189,9,10,72,0,0,0,0,0,1,0,0
1975,146,94,27,-4,12,61,270,1,10,73,1,0,0,0,0,0,0,0
1977,64,46,27,-7,12,17,179,38,3,66,1,0,0,0,0,0,0,0
1972,131,58,67,-10,6,82,211,22,3,69,1,0,0,0,0,0,0,0
1995,136,46,53,-6,18,29,266,70,3,64,0,0,0,0,1,0,0,0
1983,124,46,93,-9,6,76,256,14,31,73,0,1,0,0,0,0,0,0
2018,197,64,18,-7,12,52,241,11,4,30,0,0,0,0,0,0,0,1
1978,125,39,48,-11,12,52,269,37,3,68,0,0,0,1,0,0,0,0
1990,75,19,49,-16,22,21,248,72,4,31,1,0,0,0,0,0,0,0
1977,135,89,50,-5,73,70,283,9,5,72,0,0,0,0,0,1,0,0
1996,137,24,61,-16,11,16,331,24,3,53,0,0,0,0,0,0,1,0
1989,90,41,63,-13,31,70,291,6,3,41,0,0,0,0,0,0,0,1
1993,140,65,47,-10,14,40,340,1,3,72,0,0,0,0,0,0,1,0
2011,97,73,50,-6,20,24,231,2,3,47,0,0,0,0,0,0,0,1
1991,120,82,50,-6,9,54,219,0,4,72,0,0,0,0,0,1,0,0
1989,130,68,64,-12,5,71,225,1,4,61,0,0,0,0,0,0,1,0
2011,130,83,51,-5,7,56,224,1,5,69,0,0,0,0,0,1,0,0
1966,125,47,60,-8,6,49,211,10,3,67,1,0,0,0,0,0,0,0
2004,112,59,30,-10,63,40,364,57,5,59,0,1,0,0,0,0,0,0
1976,101,88,54,-7,76,75,231,38,4,72,0,1,0,0,0,0,0,0
1970,105,66,75,-6,9,86,152,19,4,67,1,0,0,0,0,0,0,0
1965,120,47,46,-10,44,64,149,51,3,62,1,0,0,0,0,0,0,0
2016,130,70,66,-7,9,51,382,5,3,61,1,0,0,0,0,0,0,0
1999,116,92,61,-4,30,96,295,16,3,70,1,0,0,0,0,0,0,0
2019,120,83,43,-6,14,35,455,2,5,50,0,0,0,0,0,1,0,0
1993,98,54,64,-13,28,94,181,49,3,65,0,0,0,0,1,0,0,0
1986,123,13,50,-18,36,21,401,35,8,51,1,0,0,0,0,0,0,0
1971,104,72,55,-12,11,72,435,25,3,74,1,0,0,0,0,0,0,0
2013,75,55,48,-7,10,24,253,37,7,76,0,0,0,1,0,0,0,0
2009,169,65,26,-7,12,34,288,0,4,43,0,0,0,1,0,0,0,0
1971,125,53,68,-13,6,35,266,42,9,60,1,0,0,0,0,0,0,0
2010,97,79,71,-4,20,90,221,32,11,48,0,0,0,0,0,0,0,1
1971,76,26,55,-12,9,17,188,91,3,78,1,0,0,0,0,0,0,0
1975,102,37,82,-13,8,29,217,17,8,69,1,0,0,0,0,0,0,0
1968,80,29,26,-10,16,25,198,14,3,59,0,0,0,0,1,0,0,0
1982,125,59,38,-10,27,28,859,2,3,41,1,0,0,0,0,0,0,0
1992,131,59,43,-12,36,46,345,22,3,45,0,0,0,1,0,0,0,0
1995,122,83,59,-6,38,58,325,10,4,45,1,0,0,0,0,0,0,0
2011,138,74,43,-7,33,9,285,2,4,67,0,1,0,0,0,0,0,0
1999,154,24,50,-12,13,31,272,84,3,61,1,0,0,0,0,0,0,0
1967,119,47,70,-9,32,76,130,69,4,70,1,0,0,0,0,0,0,0
1979,125,67,42,-7,6,34,351,61,5,66,1,0,0,0,0,0,0,0
1975,106,96,68,-6,35,61,715,18,9,27,0,1,0,0,0,0,0,0
1976,111,53,35,-9,8,47,256,58,3,56,0,1,0,0,0,0,0,0
2009,100,83,71,-5,6,97,243,39,4,66,0,0,0,0,0,0,1,0
2011,86,75,52,-7,20,70,273,36,5,44,1,0,0,0,0,0,0,0
1958,167,58,65,-10,7,92,146,41,8,73,0,0,0,0,1,0,0,0
1993,104,34,65,-12,7,32,222,37,2,69,0,1,0,0,0,0,0,0
1977,148,48,81,-10,5,62,180,1,6,78,0,1,0,0,0,0,0,0
1971,135,92,69,-6,8,23,511,30,6,65,1,0,0,0,0,0,0,0
1987,101,77,56,-9,9,66,277,1,4,76,1,0,0,0,0,0,0,0
1989,140,81,61,-8,22,82,210,34,3,60,0,0,0,0,0,0,1,0
1990,92,13,63,-15,11,24,334,47,3,67,1,0,0,0,0,0,0,0
1998,153,63,57,-9,27,79,300,13,4,76,0,0,0,0,0,0,1,0
1998,99,29,27,-10,11,15,244,86,3,58,0,0,0,0,0,0,1,0
1976,140,42,32,-11,10,29,204,55,3,49,0,0,0,0,1,0,0,0
1994,115,75,48,-9,26,42,261,43,8,73,0,0,0,0,0,1,0,0
1967,105,55,52,-11,17,52,196,83,3,63,1,0,0,0,0,0,0,0
1972,106,68,66,-8,8,65,258,16,3,75,0,0,0,0,1,0,0,0
1965,113,28,33,-11,18,37,165,72,3,53,1,0,0,0,0,0,0,0
2010,115,59,66,-12,31,67,204,60,3,44,0,0,0,0,1,0,0,0
1993,105,67,42,-6,41,30,316,62,9,59,1,0,0,0,0,0,0,0
1975,102,58,52,-10,11,34,211,3,3,52,1,0,0,0,0,0,0,0
1995,123,73,72,-6,8,62,333,21,4,56,0,1,0,0,0,0,0,0
2016,150,83,38,-7,7,45,220,0,6,49,0,0,0,0,0,0,0,1
1985,131,31,50,-16,12,25,291,48,3,66,0,0,0,0,0,0,1,0
1988,84,37,45,-16,8,26,274,48,3,49,0,0,0,1,0,0,0,0
2009,129,72,61,-8,36,80,218,29,3,64,1,0,0,0,0,0,0,0
1983,177,80,54,-9,8,89,220,7,3,56,0,0,0,1,0,0,0,0
1973,117,91,57,-7,6,84,207,9,4,71,1,0,0,0,0,0,0,0
1973,127,54,58,-13,12,42,349,14,4,37,1,0,0,0,0,0,0,0
1976,141,93,33,-9,30,38,308,0,7,75,1,0,0,0,0,0,0,0
2016,134,41,46,-8,10,9,227,50,3,63,0,0,0,0,0,0,0,1
1965,100,65,53,-9,11,42,179,29,4,53,1,0,0,0,0,0,0,0
2016,120,47,77,-6,39,34,237,29,5,80,0,0,0,1,0,0,0,0
1982,119,73,87,-8,8,63,379,14,8,68,0,1,0,0,0,0,0,0
1968,94,13,69,-14,6,37,138,75,3,74,0,1,0,0,0,0,0,0
2001,170,61,45,-7,9,48,209,2,3,36,0,0,0,0,0,0,0,1
2018,124,89,77,-9,6,97,261,7,4,16,0,0,0,0,0,0,0,1
2011,132,63,69,-7,6,74,319,1,4,42,1,0,0,0,0,0,0,0
1998,106,85,54,-6,60,60,299,7,3,59,1,0,0,0,0,0,0,0
2017,86,22,43,-9,11,40,230,95,4,71,0,0,0,0,0,0,1,0
2014,140,95,58,-9,47,30,456,0,4,65,0,0,0,0,0,1,0,0
1987,126,73,70,-12,3,95,255,15,3,57,1,0,0,0,0,0,0,0
2005,76,77,46,-5,14,35,234,1,3,51,0,0,0,1,0,0,0,0
1963,108,44,50,-10,13,71,169,67,3,57,0,0,0,0,1,0,0,0
1990,144,59,62,-11,5,65,253,4,3,60,0,0,0,0,0,1,0,0
2015,100,38,61,-10,28,52,234,84,44,83,0,0,0,1,0,0,0,0
2017,140,68,51,-3,18,36,196,28,3,64,0,1,0,0,0,0,0,0
2006,177,76,58,-6,25,66,201,16,12,74,0,1,0,0,0,0,0,0
1999,90,40,62,-10,15,35,254,9,2,57,0,0,0,0,0,0,0,1
1984,154,95,35,-5,56,86,240,0,5,52,1,0,0,0,0,0,0,0
1968,176,91,21,-7,5,45,313,48,39,67,1,0,0,0,0,0,0,0
2014,92,88,66,-3,69,77,348,3,9,41,0,1,0,0,0,0,0,0
1984,113,45,37,-10,69,19,521,4,3,75,0,1,0,0,0,0,0,0
1989,147,18,36,-19,10,25,233,13,3,49,1,0,0,0,0,0,0,0
2003,100,85,58,-5,9,58,197,11,3,65,0,0,0,0,0,1,0,0
1994,145,99,64,-7,16,17,378,1,5,56,0,1,0,0,0,0,0,0
2007,111,87,60,-5,11,44,215,3,3,30,0,1,0,0,0,0,0,0
1984,115,68,43,-7,21,51,229,5,3,54,1,0,0,0,0,0,0,0
2004,179,54,29,-8,12,16,251,29,4,39,0,1,0,0,0,0,0,0
1976,121,69,78,-7,11,70,187,52,4,44,0,1,0,0,0,0,0,0
2014,139,88,64,-4,36,74,242,8,3,70,0,1,0,0,0,0,0,0
2019,124,76,40,-8,37,49,261,10,5,37,0,0,0,0,0,1,0,0
1976,112,69,50,-7,22,36,296,19,6,70,1,0,0,0,0,0,0,0
2002,110,76,50,-6,9,33,287,7,3,53,1,0,0,0,0,0,0,0
1975,180,43,22,-9,12,50,216,82,3,54,0,0,0,0,1,0,0,0
1984,89,45,62,-14,7,87,156,59,3,74,1,0,0,0,0,0,0,0
2000,106,68,38,-9,18,65,136,6,3,63,0,1,0,0,0,0,0,0
1978,96,70,49,-12,15,78,236,4,6,75,1,0,0,0,0,0,0,0
2002,98,73,60,-7,14,29,264,1,3,72,0,0,0,0,0,0,1,0
1994,90,26,75,-15,12,13,206,70,4,45,0,0,0,0,0,0,0,1
2013,86,41,21,-10,8,16,306,17,4,72,0,0,0,1,0,0,0,0
1964,138,58,65,-8,12,74,164,41,4,66,0,1,0,0,0,0,0,0
2010,134,53,59,-10,12,31,287,38,4,57,0,0,0,0,0,0,0,1
1991,80,64,29,-9,11,23,536,2,3,80,0,1,0,0,0,0,0,0
2009,135,77,47,-7,11,9,347,6,5,63,0,0,1,0,0,0,0,0
2011,127,90,73,-4,37,76,236,0,14,75,0,0,0,0,0,0,1,0
2004,132,84,61,-7,8,54,236,0,4,40,0,0,0,0,0,0,0,1
1966,93,38,49,-12,10,53,150,83,3,65,1,0,0,0,0,0,0,0
1970,119,84,63,-6,10,88,663,8,5,47,1,0,0,0,0,0,0,0
1989,172,80,21,-7,36,68,377,1,4,62,1,0,0,0,0,0,0,0
2006,81,56,37,-11,97,42,224,75,5,54,0,0,0,0,0,0,0,1
1991,132,27,32,-11,17,15,302,58,4,56,1,0,0,0,0,0,0,0
1982,125,55,44,-10,18,49,251,13,4,43,0,0,0,0,0,0,0,1
1983,129,72,60,-8,8,56,308,50,4,43,1,0,0,0,0,0,0,0
1985,112,80,65,-12,10,54,251,35,5,80,1,0,0,0,0,0,0,0
2008,77,18,55,-11,11,9,212,89,3,73,0,1,0,0,0,0,0,0
1986,77,29,55,-17,4,49,256,33,3,74,0,0,0,1,0,0,0,0
1987,116,31,32,-9,44,18,391,48,3,51,0,1,0,0,0,0,0,0
2012,131,24,75,-13,44,67,206,79,8,52,0,0,0,0,0,0,0,1
2002,109,5,44,-16,11,31,162,88,4,49,0,0,0,0,1,0,0,0
2017,167,68,50,-4,6,47,262,1,3,74,0,0,1,0,0,0,0,0
1980,133,38,51,-9,12,26,264,82,3,50,0,1,0,0,0,0,0,0
2012,73,28,61,-9,9,39,214,93,4,82,0,0,0,0,0,0,1,0
1991,120,57,61,-12,16,39,385,9,3,54,1,0,0,0,0,0,0,0
1977,135,31,41,-10,7,7,653,31,4,56,1,0,0,0,0,0,0,0
2004,79,60,56,-7,38,44,210,18,3,58,0,1,0,0,0,0,0,0
1979,106,68,63,-6,85,70,197,16,4,70,0,0,0,0,1,0,0,0
1998,94,46,56,-7,21,45,270,38,2,49,0,0,0,0,0,1,0,0
1978,95,85,60,-8,63,64,191,1,3,38,0,0,0,0,0,0,0,1
2000,99,87,55,-6,17,54,234,1,3,77,0,0,0,0,0,1,0,0
1997,164,85,25,-7,5,19,387,4,6,67,0,0,0,0,0,1,0,0
1986,134,38,44,-16,7,30,192,66,3,32,0,1,0,0,0,0,0,0
1967,144,26,36,-11,11,49,179,91,3,58,0,1,0,0,0,0,0,0
1996,110,86,77,-6,16,89,173,10,3,80,0,0,0,0,0,0,1,0
2010,100,80,59,-7,9,32,220,50,7,38,0,1,0,0,0,0,0,0
1999,95,64,30,-8,25,33,241,0,3,54,0,1,0,0,0,0,0,0
1998,133,97,51,-4,19,53,305,0,4,61,0,0,0,0,0,1,0,0
1967,169,77,35,-6,2,53,210,1,4,71,1,0,0,0,0,0,0,0
2008,133,81,86,-8,12,85,161,31,4,49,0,0,0,0,0,0,0,1
2008,87,78,36,-8,38,58,236,1,4,53,0,1,0,0,0,0,0,0
1970,92,36,41,-13,8,27,285,83,3,63,1,0,0,0,0,0,0,0
2012,95,55,78,-7,13,44,243,35,5,81,0,0,0,0,0,0,1,0
1987,115,49,73,-11,9,73,227,26,3,78,1,0,0,0,0,0,0,0
1995,90,86,53,-3,13,44,443,0,3,46,0,1,0,0,0,0,0,0
1987,97,69,67,-6,17,28,186,5,3,60,1,0,0,0,0,0,0,0
2013,130,83,55,-5,6,14,204,4,3,65,0,1,0,0,0,0,0,0
1967,108,69,51,-7,17,42,194,16,2,66,1,0,0,0,0,0,0,0
2016,123,55,55,-11,18,42,242,85,4,36,1,0,0,0,0,0,0,0
1972,128,69,56,-11,20,75,345,53,4,63,1,0,0,0,0,0,0,0
2010,117,41,71,-14,15,65,227,38,4,48,0,0,0,0,0,0,1,0
1998,136,17,54,-13,9,24,238,74,5,11,0,0,0,0,0,0,0,1
1971,175,59,23,-9,13,55,204,31,4,35,0,0,0,0,1,0,0,0
1976,147,51,58,-9,6,61,391,1,3,82,1,0,0,0,0,0,0,0
2007,143,83,44,-7,32,65,322,5,3,66,0,1,0,0,0,0,0,0
1992,153,40,54,-10,16,24,289,58,4,73,0,0,0,0,0,0,1,0
2000,129,51,69,-10,46,89,125,63,3,71,0,0,0,0,1,0,0,0
1971,93,46,45,-11,15,66,271,30,4,71,1,0,0,0,0,0,0,0
1986,132,93,64,-6,13,90,271,14,3,64,0,0,0,0,0,0,1,0
1971,127,62,39,-8,9,34,221,21,3,71,1,0,0,0,0,0,0,0
2014,167,89,49,-4,7,64,245,0,4,75,1,0,0,0,0,0,0,0
2017,174,72,43,-6,9,69,268,10,4,78,0,0,0,1,0,0,0,0
1970,103,88,76,-9,22,95,175,36,4,73,1,0,0,0,0,0,0,0
1975,141,82,57,-8,9,77,239,1,3,63,0,0,0,1,0,0,0,0
1988,125,69,63,-10,16,89,218,12,3,59,1,0,0,0,0,0,0,0
2011,172,76,34,-7,35,33,251,0,4,39,0,0,0,0,0,0,0,1
1993,159,96,37,-5,35,44,283,0,7,58,0,0,0,0,0,1,0,0
2001,119,38,52,-9,10,13,270,76,4,36,0,0,0,0,0,0,0,1
2006,133,42,42,-10,16,25,236,84,4,48,0,0,0,0,0,0,0,1
2011,138,78,48,-8,8,18,319,1,5,53,0,0,0,0,0,0,0,1
1969,129,44,54,-9,40,37,215,61,5,44,0,0,0,1,0,0,0,0
1991,175,79,46,-10,11,86,234,1,8,49,0,0,0,0,0,0,0,1
1966,81,24,54,-17,13,57,167,69,4,63,0,1,0,0,0,0,0,0
2011,131,32,29,-8,19,20,215,86,3,49,0,0,0,0,1,0,0,0
1976,104,41,79,-15,14,39,169,41,5,59,0,1,0,0,0,0,0,0
1997,130,82,68,-6,4,32,335,1,5,66,0,1,0,0,0,0,0,0
1972,81,60,22,-11,41,25,1121,27,6,47,1,0,0,0,0,0,0,0
1986,172,14,39,-17,10,26,226,79,4,69,0,0,0,0,0,0,1,0
2018,174,44,64,-14,9,15,154,13,20,68,0,0,0,0,0,0,0,1
1971,138,48,53,-12,8,49,517,70,6,74,0,0,0,0,1,0,0,0
1986,104,6,49,-24,10,6,409,83,4,53,0,1,0,0,0,0,0,0
1982,113,83,74,-6,38,82,189,8,12,79,1,0,0,0,0,0,0,0
2017,80,66,55,-7,10,52,244,39,3,66,0,1,0,0,0,0,0,0
1973,161,43,31,-10,33,22,267,39,3,78,1,0,0,0,0,0,0,0
1995,74,23,45,-13,20,13,291,17,3,70,0,0,0,0,0,1,0,0
1992,110,87,31,-6,23,23,438,0,6,55,1,0,0,0,0,0,0,0
2017,92,85,68,-11,6,93,391,23,5,69,0,0,0,0,0,0,1,0
2003,162,62,32,-6,60,36,308,3,3,40,1,0,0,0,0,0,0,0
1987,127,86,54,-6,25,29,299,25,4,66,0,0,0,1,0,0,0,0
2005,132,41,62,-14,10,51,215,7,3,32,0,1,0,0,0,0,0,0
2019,108,58,74,-9,18,94,265,19,3,85,0,0,0,0,0,0,1,0
1978,148,87,73,-7,32,92,350,6,3,66,1,0,0,0,0,0,0,0
1975,110,61,66,-10,8,77,292,6,3,69,1,0,0,0,0,0,0,0
1977,123,52,72,-8,13,94,261,7,6,73,0,0,0,0,0,1,0,0
2006,104,92,66,-6,61,46,229,38,17,30,0,0,0,0,0,0,0,1
1969,117,38,49,-11,41,71,261,4,3,72,0,0,0,0,1,0,0,0
2002,131,75,58,-7,18,26,308,60,3,76,0,1,0,0,0,0,0,0
2003,79,27,19,-9,13,10,263,86,4,74,0,0,0,0,0,1,0,0
1994,98,91,53,-4,23,81,178,2,3,75,0,0,1,0,0,0,0,0
1980,179,36,53,-11,24,17,452,28,4,36,1,0,0,0,0,0,0,0
1975,130,46,43,-12,13,38,293,12,3,65,1,0,0,0,0,0,0,0
1991,117,91,50,-5,11,72,302,0,6,74,0,0,0,0,0,1,0,0
1984,115,78,62,-9,22,63,252,7,3,57,1,0,0,0,0,0,0,0
1972,109,33,56,-16,32,33,195,47,3,54,0,0,0,0,1,0,0,0
1992,160,98,41,-4,8,35,323,0,5,56,1,0,0,0,0,0,0,0
2000,120,91,55,-4,35,54,224,3,5,77,0,1,0,0,0,0,0,0
2008,138,56,74,-10,8,98,170,11,4,49,0,0,0,0,0,0,0,1
1992,123,92,51,-3,21,46,319,1,6,59,0,1,0,0,0,0,0,0
2000,94,50,51,-8,39,42,232,61,3,47,0,1,0,0,0,0,0,0
2001,123,72,82,-9,36,69,225,4,14,71,0,1,0,0,0,0,0,0
1988,125,76,64,-12,13,64,219,1,5,49,1,0,0,0,0,0,0,0
1987,180,76,26,-7,23,43,284,6,4,58,1,0,0,0,0,0,0,0
2008,174,78,68,-6,8,87,270,3,8,47,0,0,0,1,0,0,0,0
2012,112,65,81,-7,15,81,229,35,6,57,0,0,0,0,0,0,0,1
1969,197,71,31,-9,26,67,151,0,10,34,0,0,0,0,0,0,0,1
2007,123,93,45,-4,36,17,303,0,7,76,0,0,0,0,0,1,0,0
1992,143,43,47,-12,23,24,271,18,3,62,0,0,0,0,0,1,0,0
2017,114,32,50,-13,24,30,249,10,3,50,1,0,0,0,0,0,0,0
1992,106,67,56,-7,9,60,243,2,3,58,1,0,0,0,0,0,0,0
2006,74,17,33,-13,9,10,219,91,3,57,0,0,0,1,0,0,0,0
2015,135,33,65,-11,22,52,272,43,3,42,1,0,0,0,0,0,0,0
2017,132,69,34,-9,34,21,341,0,4,32,1,0,0,0,0,0,0,0
1969,87,55,27,-10,10,43,386,4,5,63,1,0,0,0,0,0,0,0
2018,106,74,63,-8,17,67,276,47,4,44,1,0,0,0,0,0,0,0
1983,105,79,58,-7,6,91,226,1,3,53,0,0,0,0,1,0,0,0
2006,134,36,67,-9,8,29,242,57,3,76,0,1,0,0,0,0,0,0
1998,174,38,44,-11,10,19,263,36,3,37,0,0,0,0,0,0,0,1
1971,123,38,44,-15,5,22,236,64,4,71,1,0,0,0,0,0,0,0
2019,107,77,60,-8,11,72,204,10,3,36,1,0,0,0,0,0,0,0
1995,54,56,36,-6,31,14,230,18,3,29,1,0,0,0,0,0,0,0
1997,75,51,36,-9,17,32,264,6,3,74,0,0,0,0,0,1,0,0
1967,82,24,55,-14,12,33,413,18,4,37,0,0,0,0,0,0,0,1
2018,100,71,55,-8,8,30,218,6,5,60,0,0,1,0,0,0,0,0
2000,194,43,35,-11,10,26,275,16,3,52,0,0,0,0,0,0,0,1
1991,117,61,53,-10,12,53,401,1,3,61,1,0,0,0,0,0,0,0
2012,184,51,35,-8,71,22,291,40,3,51,0,0,0,0,0,0,0,1
2014,135,23,40,-9,11,28,222,89,4,61,0,0,0,0,0,0,0,1
1967,71,53,52,-8,5,43,146,18,8,69,1,0,0,0,0,0,0,0
1982,93,51,62,-10,26,69,246,54,3,65,0,0,0,1,0,0,0,0
1975,95,56,79,-10,8,67,261,45,5,60,1,0,0,0,0,0,0,0
1997,133,88,49,-5,27,25,396,0,4,55,0,0,0,0,0,1,0,0
1980,151,32,38,-15,8,41,966,52,4,32,1,0,0,0,0,0,0,0
2003,94,70,83,-3,13,80,273,11,20,66,0,0,0,0,0,0,1,0
2005,61,13,27,-14,33,18,232,94,4,38,0,1,0,0,0,0,0,0
1998,98,91,51,-7,17,46,206,1,4,33,0,0,0,0,0,0,0,1
1997,121,80,96,-5,9,84,430,0,15,70,0,1,0,0,0,0,0,0
2009,115,72,53,-6,11,59,324,0,3,44,1,0,0,0,0,0,0,0
1998,81,20,37,-14,30,14,205,71,4,47,0,0,0,1,0,0,0,0
2015,85,41,17,-8,11,9,203,61,3,33,0,0,0,0,0,0,0,1
1982,98,94,62,-5,7,76,176,3,3,76,0,1,0,0,0,0,0,0
2001,88,32,52,-11,9,18,226,33,2,48,0,0,0,0,0,0,0,1
2012,90,71,51,-3,33,43,175,19,3,73,0,0,1,0,0,0,0,0
2008,77,89,69,-6,3,91,182,9,3,56,0,0,0,1,0,0,0,0
1998,109,50,27,-9,10,13,266,28,3,50,0,0,0,0,0,0,0,1
1991,81,49,53,-8,10,10,384,54,5,68,0,0,0,1,0,0,0,0
1986,75,53,44,-8,34,35,247,4,3,50,1,0,0,0,0,0,0,0
2002,115,67,72,-12,5,65,231,6,4,43,1,0,0,0,0,0,0,0
2002,168,60,58,-6,48,65,263,0,5,72,0,0,0,0,0,1,0,0
1977,93,46,81,-13,15,74,191,78,3,70,1,0,0,0,0,0,0,0
1979,134,23,35,-10,38,18,221,90,3,67,0,0,0,0,1,0,0,0
2014,80,37,56,-10,9,28,182,93,4,27,0,0,0,0,0,0,0,1
1991,94,61,64,-13,21,89,224,25,3,69,0,0,0,1,0,0,0,0
1984,81,47,48,-10,13,42,305,19,3,77,1,0,0,0,0,0,0,0
1973,134,51,51,-14,11,70,152,78,3,53,0,0,0,0,1,0,0,0
2002,145,59,43,-5,30,19,227,6,3,70,0,1,0,0,0,0,0,0
1995,175,87,37,-5,23,48,259,0,4,71,0,1,0,0,0,0,0,0
1969,89,55,38,-9,31,25,263,4,3,36,0,0,0,0,0,0,0,1
2004,106,73,79,-5,10,94,200,0,3,55,0,1,0,0,0,0,0,0
2015,174,13,50,-13,10,28,256,88,6,29,0,0,0,0,0,0,0,1
1986,88,63,53,-13,8,75,228,6,5,65,1,0,0,0,0,0,0,0
2000,173,66,43,-7,23,28,267,0,3,82,0,1,0,0,0,0,0,0
1979,122,57,87,-11,13,56,215,37,4,49,0,0,0,1,0,0,0,0
1987,125,70,63,-11,12,80,232,19,3,45,0,1,0,0,0,0,0,0
2009,129,82,53,-7,12,34,231,7,4,64,0,0,0,0,0,1,0,0
1984,81,61,58,-10,11,46,278,16,6,53,1,0,0,0,0,0,0,0
1998,108,84,72,-5,24,68,238,26,5,63,0,0,0,0,0,0,1,0
2018,110,41,50,-6,11,45,182,75,3,85,0,0,0,1,0,0,0,0
1982,170,70,75,-9,6,87,351,18,14,42,0,0,0,0,0,0,1,0
2009,119,92,70,-4,8,71,295,0,4,79,0,0,0,0,0,0,1,0
1962,118,31,65,-9,7,61,180,57,4,77,0,0,0,0,1,0,0,0
1992,136,76,53,-12,34,51,214,0,3,67,0,0,0,0,0,0,1,0
1969,109,90,43,-5,12,77,190,41,7,68,1,0,0,0,0,0,0,0
2018,109,41,81,-9,8,50,223,11,4,59,1,0,0,0,0,0,0,0
2010,104,57,77,-6,11,61,165,9,3,36,0,0,0,0,0,0,0,1
1995,138,45,49,-12,18,13,254,31,3,62,0,0,0,0,0,1,0,0
1978,123,78,61,-8,28,85,242,9,5,58,1,0,0,0,0,0,0,0
1995,160,61,28,-8,11,16,290,28,4,54,1,0,0,0,0,0,0,0
1971,83,42,47,-10,5,50,239,52,3,66,1,0,0,0,0,0,0,0
1969,154,36,45,-13,20,30,444,47,4,67,1,0,0,0,0,0,0,0
2005,96,52,32,-7,16,25,238,48,2,34,0,1,0,0,0,0,0,0
1982,119,76,66,-7,9,54,478,1,4,47,1,0,0,0,0,0,0,0
2013,128,79,57,-4,9,30,148,5,5,69,0,1,0,0,0,0,0,0
1983,132,7,19,-24,11,4,148,95,4,38,0,1,0,0,0,0,0,0
1991,92,94,67,-10,15,78,283,0,5,73,0,0,0,0,0,1,0,0
1987,153,74,45,-10,23,94,201,2,6,40,0,0,0,0,0,0,0,1
2001,136,97,41,-4,11,35,218,0,5,53,0,0,1,0,0,0,0,0
2017,129,64,67,-7,14,89,223,22,3,41,0,0,0,0,0,0,0,1
1979,125,93,62,-6,27,55,306,6,11,39,0,1,0,0,0,0,0,0
2004,140,82,42,-4,15,63,194,0,6,65,1,0,0,0,0,0,0,0
1964,139,81,59,-6,10,80,154,14,4,69,0,1,0,0,0,0,0,0
1985,84,90,57,-8,9,88,225,2,5,83,0,0,0,0,0,0,1,0
1971,147,59,56,-7,4,97,198,6,3,67,1,0,0,0,0,0,0,0
2016,109,33,67,-17,8,49,284,61,6,63,0,1,0,0,0,0,0,0
2013,145,56,60,-7,5,33,207,0,6,47,0,0,0,0,0,0,0,1
2003,133,88,46,-3,11,33,247,0,6,47,0,0,0,0,0,0,0,1
1977,119,72,67,-8,4,83,193,4,4,67,1,0,0,0,0,0,0,0
2016,90,21,12,-11,13,5,223,84,4,54,0,1,0,0,0,0,0,0
1991,132,49,72,-12,11,97,216,73,4,39,0,1,0,0,0,0,0,0
2005,115,55,54,-7,12,48,237,53,4,64,0,0,0,0,1,0,0,0
1972,156,50,53,-11,26,79,153,48,3,54,0,1,0,0,0,0,0,0
1994,84,79,10,-4,36,18,277,0,4,55,0,1,0,0,0,0,0,0
1985,98,94,51,-10,14,50,394,17,4,71,1,0,0,0,0,0,0,0
2001,138,89,56,-5,32,96,183,54,4,41,0,0,0,0,0,0,0,1
1971,87,11,70,-15,7,52,108,94,55,58,1,0,0,0,0,0,0,0
2019,91,32,76,-7,8,57,189,84,5,98,0,0,0,1,0,0,0,0
2008,104,44,29,-7,8,16,207,79,3,44,0,0,0,1,0,0,0,0
1999,204,47,24,-8,12,39,205,31,4,62,0,0,0,0,0,1,0,0
1998,134,51,41,-9,69,38,257,52,4,39,0,1,0,0,0,0,0,0
1986,135,90,40,-5,54,84,193,7,4,67,0,0,0,0,0,0,1,0
1983,95,56,57,-7,11,50,232,10,5,73,0,0,0,1,0,0,0,0
1986,82,42,44,-17,7,55,237,1,4,72,0,0,0,1,0,0,0,0
1971,92,42,81,-15,10,84,157,75,4,58,0,1,0,0,0,0,0,0
1983,126,76,65,-8,23,61,295,1,3,62,0,0,0,0,0,0,1,0
1968,130,62,44,-11,17,70,517,6,3,56,1,0,0,0,0,0,0,0
2014,129,66,57,-5,12,44,242,63,5,77,0,1,0,0,0,0,0,0
1995,130,47,80,-9,32,59,344,25,4,58,0,0,0,1,0,0,0,0
1986,111,69,58,-12,14,53,298,61,3,66,1,0,0,0,0,0,0,0
2019,113,17,68,-9,10,24,260,84,3,28,0,0,0,1,0,0,0,0
2013,71,63,51,-9,15,50,214,10,19,49,0,0,0,1,0,0,0,0
2015,89,82,53,-6,9,69,200,1,4,16,0,0,0,0,0,0,0,1
2012,123,73,54,-6,16,51,219,1,3,51,0,0,1,0,0,0,0,0
2004,138,93,55,-4,9,81,189,4,4,59,0,0,0,0,0,1,0,0
2019,121,76,61,-9,73,63,218,14,7,50,0,0,0,0,0,1,0,0
1995,163,92,33,-4,13,34,290,6,6,63,0,1,0,0,0,0,0,0
1990,131,86,74,-8,7,78,271,18,4,69,1,0,0,0,0,0,0,0
2006,169,88,35,-5,12,41,202,3,20,57,1,0,0,0,0,0,0,0
2002,174,6,35,-17,10,30,190,98,4,70,0,1,0,0,0,0,0,0
1973,136,55,43,-6,11,41,272,67,3,72,1,0,0,0,0,0,0,0
2010,131,42,31,-9,8,24,242,13,3,84,0,1,0,0,0,0,0,0
2018,111,74,66,-10,32,89,236,23,3,32,0,0,0,0,0,0,0,1
2009,159,67,43,-6,14,38,394,9,3,45,0,1,0,0,0,0,0,0
2012,100,47,32,-7,95,25,208,26,3,42,0,0,0,0,0,0,0,1
1966,110,46,49,-9,57,71,208,74,3,62,0,0,0,0,1,0,0,0
1999,130,62,77,-8,9,51,217,10,4,41,1,0,0,0,0,0,0,0
1970,121,70,54,-9,8,58,281,10,3,76,1,0,0,0,0,0,0,0
1986,115,8,67,-27,17,28,228,67,4,42,0,0,0,0,0,0,0,1
1983,92,73,67,-7,19,89,253,23,4,72,0,0,0,0,0,0,1,0
1995,90,91,86,-6,32,73,284,21,13,69,0,0,0,1,0,0,0,0
1992,144,94,43,-5,14,47,314,1,4,61,0,0,0,0,0,1,0,0
1987,100,98,27,-6,18,40,406,2,10,71,0,1,0,0,0,0,0,0
1976,142,70,46,-10,9,51,428,29,7,61,1,0,0,0,0,0,0,0
2010,127,59,40,-9,11,37,263,8,4,28,0,0,0,1,0,0,0,0
2014,160,80,65,-5,33,94,219,6,17,66,0,0,0,0,0,0,1,0
1984,115,57,59,-10,9,47,434,36,4,59,0,1,0,0,0,0,0,0
1994,109,59,57,-8,69,36,306,67,6,68,0,0,0,0,0,1,0,0
1995,76,71,52,-7,18,54,264,25,4,67,0,0,0,0,0,1,0,0
2003,125,41,67,-8,10,50,238,84,3,68,0,1,0,0,0,0,0,0
1994,168,94,32,-7,10,54,178,3,10,71,0,0,0,0,0,1,0,0
1989,108,57,66,-10,12,50,240,24,3,72,0,0,0,0,0,0,1,0
1981,117,79,61,-6,57,91,274,16,3,58,1,0,0,0,0,0,0,0
2010,113,42,74,-10,10,58,259,36,3,43,0,0,0,0,0,0,0,1
2006,96,38,54,-7,8,39,204,52,3,49,1,0,0,0,0,0,0,0
2006,114,89,59,-6,51,70,312,1,3,53,0,1,0,0,0,0,0,0
1966,83,75,39,-7,14,27,215,78,4,57,0,0,0,1,0,0,0,0
2007,166,56,41,-5,19,47,176,5,3,48,0,0,0,0,0,0,0,1
2008,166,75,70,-9,19,91,195,13,10,48,0,0,0,0,0,0,0,1
1984,137,48,49,-9,24,33,227,42,3,74,0,0,0,0,0,0,1,0
2008,127,66,66,-10,8,84,225,12,10,52,0,0,0,0,0,0,0,1
2012,146,92,64,-4,9,85,258,3,8,83,0,0,0,0,0,0,1,0
2004,130,49,41,-9,96,15,296,51,3,38,0,0,0,0,0,0,0,1
2009,160,74,27,-5,63,42,321,5,4,75,0,0,1,0,0,0,0,0
1977,175,66,39,-6,6,46,274,28,3,50,1,0,0,0,0,0,0,0
1974,118,44,48,-15,22,76,235,0,4,69,1,0,0,0,0,0,0,0
2000,89,47,86,-9,27,84,184,0,5,74,0,1,0,0,0,0,0,0
1983,101,94,54,-7,4,74,279,40,5,72,1,0,0,0,0,0,0,0
1983,120,79,54,-6,17,48,290,0,3,54,1,0,0,0,0,0,0,0
1982,112,42,82,-13,8,52,276,56,3,67,1,0,0,0,0,0,0,0
2004,90,25,52,-10,14,14,222,22,3,51,0,0,0,0,0,0,0,1
2009,142,48,57,-6,10,16,244,26,3,32,1,0,0,0,0,0,0,0
1998,128,51,57,-13,13,28,435,4,3,43,0,0,0,0,0,0,1,0
2006,96,91,56,-2,35,73,282,2,4,76,0,0,0,0,0,1,0,0
2008,193,58,43,-5,19,27,193,4,30,70,0,0,0,0,0,0,1,0
2014,111,64,62,-7,52,65,159,21,3,58,0,1,0,0,0,0,0,0
1959,174,26,45,-13,7,60,324,54,4,65,0,1,0,0,0,0,0,0
2006,72,87,43,-3,40,73,214,5,7,74,0,1,0,0,0,0,0,0
1978,134,75,62,-9,5,66,192,4,36,78,1,0,0,0,0,0,0,0
1998,77,13,44,-19,18,13,239,81,4,51,0,0,0,0,0,0,0,1
2000,159,64,52,-5,17,32,272,39,2,52,1,0,0,0,0,0,0,0
2009,180,66,51,-7,12,46,228,3,4,79,0,0,0,1,0,0,0,0
2004,109,78,70,-8,6,39,289,9,5,70,1,0,0,0,0,0,0,0
1993,93,26,33,-15,12,42,283,0,3,56,1,0,0,0,0,0,0,0
2007,92,81,70,-5,13,58,290,36,3,59,0,0,0,0,0,1,0,0
1975,78,68,66,-9,73,59,428,27,6,70,0,1,0,0,0,0,0,0
1985,73,45,53,-15,7,29,427,19,4,70,0,1,0,0,0,0,0,0
2016,107,80,82,-4,15,63,226,3,8,78,0,0,0,0,0,0,1,0
1987,156,41,45,-11,12,32,245,74,3,51,0,0,0,0,0,1,0,0
1965,97,78,41,-9,8,71,199,31,6,71,1,0,0,0,0,0,0,0
2003,120,49,60,-7,12,9,270,50,3,72,0,0,0,0,0,1,0,0
2015,122,39,58,-8,9,16,249,76,3,20,0,0,0,0,0,0,0,1
1977,112,76,49,-6,9,44,371,0,3,75,1,0,0,0,0,0,0,0
2003,184,44,27,-9,10,8,252,41,3,46,0,0,0,0,0,0,0,1
1977,125,68,46,-9,50,68,304,25,8,57,1,0,0,0,0,0,0,0
1968,146,73,44,-12,24,54,213,26,10,67,1,0,0,0,0,0,0,0
2013,127,33,79,-13,19,53,231,60,6,67,0,1,0,0,0,0,0,0
1979,82,52,48,-16,12,90,215,2,3,44,0,0,0,0,0,0,0,1
1983,125,71,69,-7,12,88,217,23,3,81,0,0,0,0,0,0,1,0
2009,93,37,48,-8,12,14,216,74,3,75,0,0,0,1,0,0,0,0
1988,119,65,32,-6,24,47,272,50,3,83,0,1,0,0,0,0,0,0
1968,111,32,65,-9,19,28,167,21,3,69,0,0,0,0,1,0,0,0
2015,78,40,54,-8,11,17,220,66,4,32,0,0,0,0,0,0,0,1
2017,95,45,60,-6,11,17,263,16,2,87,0,0,0,1,0,0,0,0
2005,138,42,21,-9,11,12,296,16,3,81,0,1,0,0,0,0,0,0
1971,129,57,61,-11,7,54,350,56,4,72,0,0,0,0,1,0,0,0
2008,94,70,63,-5,8,53,261,17,2,74,1,0,0,0,0,0,0,0
2009,108,35,47,-11,8,28,216,72,3,69,0,0,0,0,0,1,0,0
1980,143,76,56,-7,8,93,214,0,3,65,1,0,0,0,0,0,0,0
1973,120,48,36,-12,18,36,414,52,8,70,1,0,0,0,0,0,0,0
2011,104,61,28,-5,10,8,403,0,3,72,1,0,0,0,0,0,0,0
2017,103,63,48,-7,12,16,671,39,3,59,0,0,0,1,0,0,0,0
1991,131,37,53,-13,6,25,394,8,3,64,1,0,0,0,0,0,0,0
1987,105,55,75,-7,13,45,233,46,10,59,0,0,0,1,0,0,0,0
1970,127,41,71,-7,6,53,211,35,4,60,1,0,0,0,0,0,0,0
2009,111,84,62,-5,18,26,343,26,4,71,0,0,0,0,0,0,1,0
2008,100,63,61,-5,10,33,241,43,3,64,1,0,0,0,0,0,0,0
2004,205,47,38,-12,9,31,190,34,5,34,1,0,0,0,0,0,0,0
1973,81,64,55,-10,20,61,230,0,22,74,1,0,0,0,0,0,0,0
1964,135,63,42,-7,59,81,245,75,8,53,0,1,0,0,0,0,0,0
2006,104,59,56,-5,13,14,268,21,3,78,1,0,0,0,0,0,0,0
2008,135,80,56,-8,9,58,245,0,6,73,0,0,1,0,0,0,0,0
1969,133,66,64,-8,15,66,141,20,4,80,1,0,0,0,0,0,0,0
1973,73,30,36,-15,63,13,469,86,3,65,1,0,0,0,0,0,0,0
1998,102,39,48,-11,8,25,340,23,3,51,0,0,0,0,0,0,1,0
2007,123,69,69,-5,9,49,212,39,3,73,0,0,0,0,1,0,0,0
2010,136,65,64,-6,12,76,232,43,3,49,0,0,0,0,0,0,0,1
2002,144,55,54,-7,13,23,239,5,2,75,0,0,0,0,0,1,0,0
2000,102,88,54,-6,53,59,214,2,3,34,0,0,0,0,0,0,0,1
1990,81,42,15,-12,21,17,273,43,3,69,1,0,0,0,0,0,0,0
1978,88,69,43,-8,36,52,203,6,6,51,1,0,0,0,0,0,0,0
2007,110,35,39,-10,11,16,306,67,3,19,0,0,0,0,0,0,0,1
1991,85,35,56,-13,14,46,264,6,5,81,0,0,0,0,0,1,0,0
1994,93,57,58,-8,8,37,235,25,2,57,1,0,0,0,0,0,0,0
1971,104,51,38,-15,54,40,355,1,5,55,1,0,0,0,0,0,0,0
1996,61,36,34,-11,33,9,312,11,3,50,0,0,0,0,0,0,0,1
1996,68,51,33,-9,37,29,215,40,6,53,0,1,0,0,0,0,0,0
2009,128,30,48,-9,11,30,281,85,4,43,0,0,0,0,0,0,1,0
1967,114,39,63,-10,10,65,182,41,4,45,0,1,0,0,0,0,0,0
1991,125,91,45,-4,23,81,226,3,4,70,0,0,0,0,0,1,0,0
1968,77,17,27,-21,12,20,139,73,4,68,0,0,0,0,1,0,0,0
1967,95,41,54,-13,10,82,185,16,3,62,0,0,0,0,1,0,0,0
1982,122,92,85,-4,6,90,362,2,4,64,0,0,0,1,0,0,0,0
2012,149,20,28,-17,13,16,809,49,3,31,1,0,0,0,0,0,0,0
2009,139,48,52,-8,9,46,247,3,3,67,0,0,1,0,0,0,0,0
2012,112,31,62,-10,12,13,241,95,3,66,0,0,0,1,0,0,0,0
1978,93,72,53,-10,8,76,241,13,3,51,1,0,0,0,0,0,0,0
2014,140,63,39,-7,11,32,373,24,3,49,0,1,0,0,0,0,0,0
2004,114,83,42,-5,16,61,501,1,4,49,1,0,0,0,0,0,0,0
2007,122,49,35,-7,21,21,273,47,3,41,0,0,0,1,0,0,0,0
2001,109,42,35,-8,10,27,199,30,3,51,0,0,1,0,0,0,0,0
2002,90,39,53,-8,9,16,217,65,3,75,0,1,0,0,0,0,0,0
1978,122,56,78,-8,7,76,232,11,10,76,0,1,0,0,0,0,0,0
1977,148,91,27,-5,15,48,200,0,7,51,0,1,0,0,0,0,0,0
2015,142,92,56,-4,28,59,235,0,3,54,0,0,0,1,0,0,0,0
2018,105,52,77,-4,13,39,217,18,3,85,0,0,0,0,0,0,1,0
1997,100,33,43,-9,14,36,206,89,3,49,0,0,0,0,0,0,0,1
1965,177,37,43,-12,11,65,125,18,4,69,0,1,0,0,0,0,0,0
2015,90,74,49,-5,30,36,259,26,4,78,0,1,0,0,0,0,0,0
1967,107,29,55,-13,9,32,151,49,3,69,1,0,0,0,0,0,0,0
1994,90,43,39,-9,11,43,326,24,4,64,0,0,0,0,0,1,0,0
2010,183,50,45,-7,11,21,266,25,3,26,0,0,0,0,0,0,0,1
2015,111,90,64,-6,17,78,192,20,4,46,1,0,0,0,0,0,0,0
1969,136,6,32,-22,14,26,191,83,4,50,1,0,0,0,0,0,0,0
2009,68,47,35,-9,66,20,150,94,4,47,0,0,0,0,0,0,0,1
1998,118,57,68,-9,9,65,313,10,3,35,0,0,0,0,0,0,0,1
1980,110,89,64,-7,16,97,199,9,3,69,1,0,0,0,0,0,0,0
2004,100,80,71,-6,8,63,259,1,4,76,0,0,0,0,0,0,1,0
1988,98,41,58,-16,6,53,310,13,3,53,1,0,0,0,0,0,0,0
1967,125,73,41,-6,9,44,430,37,3,72,1,0,0,0,0,0,0,0
1976,68,45,44,-7,11,24,305,89,4,55,1,0,0,0,0,0,0,0
2008,115,46,83,-10,70,88,331,48,6,43,1,0,0,0,0,0,0,0
2018,116,74,67,-5,24,75,201,29,5,82,0,0,0,1,0,0,0,0
1989,126,67,51,-5,31,36,328,29,3,61,0,1,0,0,0,0,0,0
2018,87,38,35,-10,12,53,253,73,4,15,0,0,0,0,0,0,0,1
2011,89,57,53,-10,13,49,182,72,6,49,0,0,0,0,0,0,0,1
1998,122,51,48,-10,17,51,242,38,4,54,0,0,0,0,0,0,0,1
1984,86,42,30,-9,23,33,262,22,3,72,1,0,0,0,0,0,0,0
1969,63,13,53,-16,24,58,204,61,3,78,0,0,0,0,1,0,0,0
1993,98,41,85,-12,9,79,227,22,7,69,0,1,0,0,0,0,0,0
2010,156,91,48,-4,5,54,267,4,19,59,0,0,0,1,0,0,0,0
2000,136,93,54,-6,36,45,246,1,5,63,1,0,0,0,0,0,0,0
2016,142,66,46,-8,9,34,274,28,5,44,0,0,0,0,1,0,0,0
2002,171,48,26,-8,11,7,319,4,3,62,0,1,0,0,0,0,0,0
2011,155,20,42,-15,8,10,366,96,3,29,0,1,0,0,0,0,0,0
1989,120,79,70,-7,33,56,238,19,4,47,1,0,0,0,0,0,0,0
1977,112,71,37,-10,13,32,488,10,6,32,1,0,0,0,0,0,0,0
1969,145,43,31,-11,10,31,312,29,6,69,1,0,0,0,0,0,0,0
1996,127,35,53,-15,15,73,193,12,3,57,0,0,0,0,1,0,0,0
1979,133,64,55,-9,52,55,223,41,15,40,1,0,0,0,0,0,0,0
1966,112,61,55,-10,5,64,162,35,3,76,0,0,0,0,1,0,0,0
2018,87,25,41,-13,38,32,221,74,3,17,0,0,0,0,0,0,0,1
2005,128,37,61,-9,11,35,226,84,3,64,0,0,0,0,1,0,0,0
2011,80,45,31,-6,13,21,250,95,3,66,0,1,0,0,0,0,0,0
1981,82,77,56,-10,12,43,261,12,3,73,1,0,0,0,0,0,0,0
2017,116,87,55,-5,46,61,303,0,3,66,0,0,0,0,0,1,0,0
1980,188,70,31,-6,8,76,255,1,5,83,1,0,0,0,0,0,0,0
1966,100,68,51,-8,8,79,185,36,4,58,1,0,0,0,0,0,0,0
1970,159,17,48,-19,12,19,228,73,5,57,1,0,0,0,0,0,0,0
1978,121,38,76,-15,5,99,224,28,4,69,1,0,0,0,0,0,0,0
1974,123,42,40,-14,7,23,333,10,5,43,1,0,0,0,0,0,0,0
1976,81,71,45,-10,21,77,267,23,5,74,1,0,0,0,0,0,0,0
1992,94,32,47,-10,12,17,320,62,3,74,0,0,0,0,0,1,0,0
2009,110,77,56,-7,22,71,209,0,3,48,1,0,0,0,0,0,0,0
1967,114,66,60,-13,7,91,139,54,6,41,0,0,0,0,1,0,0,0
1992,165,60,31,-6,21,16,394,10,3,73,0,1,0,0,0,0,0,0
1980,175,72,31,-6,12,41,200,5,3,71,1,0,0,0,0,0,0,0
1991,181,53,39,-9,16,33,276,25,4,77,1,0,0,0,0,0,0,0
1983,127,52,55,-13,11,60,287,34,3,40,0,0,0,0,0,0,0,1
1996,138,62,63,-7,16,50,225,54,3,58,0,0,0,0,0,0,0,1
2009,142,51,60,-10,11,35,218,5,4,67,0,0,1,0,0,0,0,0
1984,130,62,54,-13,37,20,208,0,4,54,1,0,0,0,0,0,0,0
2018,132,71,42,-11,3,64,205,14,3,19,0,0,0,0,0,0,0,1
2009,118,77,53,-5,12,30,257,0,4,54,0,0,0,0,0,1,0,0
2008,128,52,64,-10,11,36,270,57,3,57,0,0,0,0,0,0,0,1
1984,132,82,70,-7,35,83,340,44,3,53,1,0,0,0,0,0,0,0
1989,115,88,66,-4,27,88,292,18,3,57,0,1,0,0,0,0,0,0
1977,91,82,53,-5,26,47,248,7,5,74,1,0,0,0,0,0,0,0
2016,95,84,60,-7,11,47,240,2,7,67,0,1,0,0,0,0,0,0
1969,124,72,54,-9,26,47,181,2,4,69,1,0,0,0,0,0,0,0
1990,112,68,60,-11,30,71,258,21,3,57,1,0,0,0,0,0,0,0
1986,150,80,25,-4,31,25,309,13,4,73,0,1,0,0,0,0,0,0
1979,131,67,58,-12,5,45,235,8,4,52,0,0,0,0,0,0,1,0
1971,133,76,41,-9,8,39,511,7,7,66,1,0,0,0,0,0,0,0
2015,86,28,32,-9,10,18,248,47,3,75,0,0,0,0,0,1,0,0
1986,96,68,64,-8,4,47,312,4,4,57,1,0,0,0,0,0,0,0
1985,180,95,44,-8,39,36,258,3,6,52,1,0,0,0,0,0,0,0
2015,109,59,41,-5,28,56,204,55,3,68,0,0,0,0,1,0,0,0
1972,86,22,54,-18,11,31,189,74,4,51,1,0,0,0,0,0,0,0
1971,109,65,65,-10,18,72,221,4,2,54,0,0,0,1,0,0,0,0
1981,122,93,63,-4,9,97,213,4,4,76,1,0,0,0,0,0,0,0
1983,90,14,27,-16,9,13,211,93,4,46,0,0,0,0,1,0,0,0
2017,128,78,67,-5,13,52,215,0,3,62,0,0,0,0,0,1,0,0
1989,102,56,78,-7,6,37,322,74,3,74,0,1,0,0,0,0,0,0
1995,150,80,29,-5,36,12,448,47,4,63,0,1,0,0,0,0,0,0
2017,100,88,62,-3,33,78,171,7,10,80,0,0,0,1,0,0,0,0
1969,179,77,51,-6,6,94,142,6,3,77,1,0,0,0,0,0,0,0
2009,124,56,80,-10,6,96,204,9,4,72,1,0,0,0,0,0,0,0
1992,148,48,39,-9,26,57,217,62,3,73,0,0,0,0,0,1,0,0
1998,99,47,87,-10,13,64,234,62,4,40,0,0,0,0,0,0,0,1
1980,136,92,37,-7,42,63,296,1,5,63,1,0,0,0,0,0,0,0
1996,121,36,57,-10,17,9,236,51,3,55,0,0,0,0,0,0,0,1
2015,171,50,36,-6,16,39,254,0,3,13,0,0,0,0,0,0,0,1
1997,136,37,53,-12,9,22,284,73,4,54,0,0,0,0,0,0,0,1
2003,99,77,65,-7,7,68,236,0,23,75,0,0,0,0,0,0,1,0
1976,107,74,55,-7,24,90,244,4,3,52,0,1,0,0,0,0,0,0
1978,114,35,50,-14,26,42,366,9,3,69,1,0,0,0,0,0,0,0
1971,80,42,48,-11,12,51,125,46,12,76,0,1,0,0,0,0,0,0
2019,150,66,25,-7,9,44,249,50,3,67,1,0,0,0,0,0,0,0
2015,114,44,37,-15,67,45,198,82,8,15,0,0,0,0,0,0,0,1
1969,117,39,68,-16,11,55,315,7,5,59,1,0,0,0,0,0,0,0
1981,172,60,53,-10,7,71,271,31,3,43,1,0,0,0,0,0,0,0
1995,138,44,50,-8,9,14,406,48,3,63,0,0,0,1,0,0,0,0
2010,122,71,70,-5,3,63,203,0,8,76,0,0,0,0,0,0,1,0
2000,105,86,56,-6,21,40,217,1,6,83,0,0,0,0,0,1,0,0
1984,112,50,74,-8,19,66,348,18,4,66,1,0,0,0,0,0,0,0
1992,89,83,47,-4,3,66,314,3,30,78,0,0,0,0,0,1,0,0
2018,131,41,55,-11,24,86,152,46,5,23,0,0,0,0,0,0,0,1
2008,151,46,69,-8,11,72,242,60,5,82,0,0,0,1,0,0,0,0
1994,132,53,58,-7,31,22,288,68,3,72,0,1,0,0,0,0,0,0
1995,119,25,54,-12,14,14,250,52,4,52,0,0,0,0,0,0,0,1
1970,89,25,53,-15,12,24,276,71,3,60,0,0,0,0,1,0,0,0
1970,119,50,46,-12,27,53,266,6,4,58,1,0,0,0,0,0,0,0
1983,125,80,74,-6,26,89,269,18,4,70,1,0,0,0,0,0,0,0
1964,174,38,21,-10,30,45,191,72,3,66,0,0,0,0,1,0,0,0
1973,168,60,54,-11,8,64,291,4,5,69,0,1,0,0,0,0,0,0
1985,99,50,29,-14,11,44,344,13,4,60,1,0,0,0,0,0,0,0
1998,110,86,33,-7,97,38,319,5,5,57,0,0,0,0,0,0,1,0
1966,97,15,52,-20,12,21,174,13,3,66,0,1,0,0,0,0,0,0
1984,139,83,51,-6,7,77,216,2,4,81,1,0,0,0,0,0,0,0
1996,107,79,75,-5,5,89,221,5,3,74,1,0,0,0,0,0,0,0
1988,181,62,61,-17,45,96,210,24,8,54,1,0,0,0,0,0,0,0
2015,106,67,57,-10,11,25,305,2,3,58,0,0,0,0,0,1,0,0
2003,160,61,36,-6,11,49,237,54,4,58,0,0,0,0,0,0,0,1
1970,137,47,47,-10,16,57,269,18,4,62,1,0,0,0,0,0,0,0
1975,37,25,27,-12,9,13,207,80,4,61,1,0,0,0,0,0,0,0
1977,119,64,91,-11,6,90,331,3,6,69,0,1,0,0,0,0,0,0
1986,82,28,52,-18,26,41,230,6,3,68,1,0,0,0,0,0,0,0
1966,125,63,39,-7,13,72,153,72,3,72,0,0,0,1,0,0,0,0
2011,79,60,51,-9,11,40,265,44,3,66,0,1,0,0,0,0,0,0
1977,96,21,57,-16,13,49,225,65,3,73,1,0,0,0,0,0,0,0
1983,115,74,65,-7,15,63,458,1,6,71,1,0,0,0,0,0,0,0
2014,97,74,66,-7,33,74,161,24,14,43,0,0,0,0,0,0,0,1
1965,99,21,34,-17,18,29,218,40,3,70,0,0,0,0,1,0,0,0
1987,153,64,36,-10,13,45,272,1,4,55,1,0,0,0,0,0,0,0
1987,126,72,49,-10,16,29,338,1,4,66,1,0,0,0,0,0,0,0
1982,114,71,57,-9,16,67,333,35,3,62,0,0,0,0,0,0,1,0
2012,107,69,30,-7,27,37,315,1,5,57,0,0,1,0,0,0,0,0
2017,146,28,49,-14,12,17,360,30,3,60,0,0,0,0,0,0,1,0
2000,110,80,58,-8,5,42,226,0,4,49,1,0,0,0,0,0,0,0
1975,133,67,67,-10,16,87,382,20,2,65,1,0,0,0,0,0,0,0
1982,117,65,92,-3,4,85,294,2,4,81,0,0,0,1,0,0,0,0
1991,104,82,72,-7,24,82,249,15,3,49,0,1,0,0,0,0,0,0
2010,112,77,65,-6,59,38,214,23,6,54,0,0,0,0,0,0,0,1
2010,123,84,47,-6,10,74,232,6,5,37,1,0,0,0,0,0,0,0
1991,77,68,36,-6,34,20,343,32,3,75,0,0,0,0,0,1,0,0
1966,117,49,52,-8,6,48,173,25,3,72,0,0,0,1,0,0,0,0
1980,110,53,93,-6,16,76,215,11,16,74,1,0,0,0,0,0,0,0
2008,173,30,32,-13,70,44,264,77,3,75,0,1,0,0,0,0,0,0
2017,98,21,61,-20,8,42,274,60,3,28,0,1,0,0,0,0,0,0
1970,76,35,61,-14,8,36,201,50,4,73,0,0,0,0,1,0,0,0
2010,110,56,71,-7,12,23,223,15,6,75,0,0,0,0,0,0,1,0
1998,131,48,30,-12,73,24,231,77,6,44,0,1,0,0,0,0,0,0
1979,116,87,64,-6,8,81,243,14,3,70,1,0,0,0,0,0,0,0
1997,126,31,45,-8,17,37,250,98,3,53,1,0,0,0,0,0,0,0
2017,92,87,51,-7,5,39,266,19,5,31,0,1,0,0,0,0,0,0
2008,130,49,95,-8,23,59,376,1,23,55,0,0,0,0,0,0,0,1
1990,140,63,46,-6,12,10,348,5,3,61,1,0,0,0,0,0,0,0
1979,112,30,59,-15,13,19,278,22,3,68,1,0,0,0,0,0,0,0
1991,75,88,28,-6,40,60,341,1,4,75,0,0,0,0,0,1,0,0
2015,136,90,65,-11,15,61,222,0,4,54,0,1,0,0,0,0,0,0
2018,140,57,34,-7,42,37,257,6,3,30,0,0,0,0,0,0,0,1
2012,100,93,64,-6,9,76,190,9,15,66,0,0,1,0,0,0,0,0
1978,110,71,80,-5,34,85,289,44,4,67,1,0,0,0,0,0,0,0
1979,116,91,57,-5,16,42,208,6,13,83,1,0,0,0,0,0,0,0
2017,135,83,46,-5,14,47,261,2,10,79,0,0,0,1,0,0,0,0
1969,127,87,41,-6,83,65,1292,0,4,45,1,0,0,0,0,0,0,0
2004,157,30,53,-14,11,68,201,94,3,71,0,0,0,0,1,0,0,0
1987,114,89,79,-4,7,39,247,0,4,68,0,0,0,1,0,0,0,0
1980,105,78,55,-6,63,81,162,42,5,76,0,0,0,1,0,0,0,0
1973,111,40,63,-13,11,73,173,54,3,62,1,0,0,0,0,0,0,0
1979,127,78,71,-7,15,91,309,12,4,53,0,1,0,0,0,0,0,0
1995,150,82,55,-9,4,57,217,2,5,60,0,0,0,0,0,0,0,1
1992,120,79,66,-7,6,71,240,5,3,44,1,0,0,0,0,0,0,0
1983,127,96,65,-11,64,94,335,4,5,45,0,0,0,0,0,0,1,0
1992,113,31,65,-12,12,41,303,53,3,71,1,0,0,0,0,0,0,0
2007,150,92,35,-2,34,54,226,0,5,53,0,0,0,0,0,1,0,0
2004,136,80,67,-5,6,79,211,1,3,56,0,0,0,0,0,0,0,1
1986,118,71,73,-9,8,85,291,63,3,65,1,0,0,0,0,0,0,0
2002,91,94,62,-3,17,88,269,2,5,80,0,0,0,0,0,1,0,0
1980,116,26,67,-11,7,69,234,61,4,71,0,1,0,0,0,0,0,0
1971,122,57,39,-13,9,40,502,39,5,44,1,0,0,0,0,0,0,0
2005,83,63,41,-7,8,44,220,51,7,53,0,0,0,1,0,0,0,0
1969,182,50,40,-11,13,82,149,39,8,61,0,0,0,0,1,0,0,0
1993,129,67,62,-10,33,78,212,0,4,72,0,1,0,0,0,0,0,0
1999,127,10,34,-16,10,26,205,81,3,41,0,0,0,0,0,1,0,0
1990,156,48,62,-9,23,73,259,6,9,50,0,0,0,0,0,1,0,0
1967,151,58,49,-11,41,91,183,18,4,79,1,0,0,0,0,0,0,0
1982,73,26,52,-14,14,20,213,76,3,63,0,0,0,1,0,0,0,0
2007,186,54,30,-8,12,54,203,16,4,50,0,0,0,0,0,0,0,1
2006,111,57,70,-8,11,71,236,1,3,51,0,0,0,0,0,0,1,0
2018,105,47,72,-7,11,45,206,53,3,65,0,0,0,0,0,0,0,1
2007,123,68,53,-4,12,55,298,0,4,56,0,0,0,0,0,1,0,0
1970,128,36,38,-11,29,24,251,71,4,38,0,0,0,1,0,0,0,0
1992,176,47,35,-14,77,56,312,77,20,40,0,0,0,0,0,0,0,1
1988,101,84,60,-13,6,64,324,4,4,57,0,1,0,0,0,0,0,0
1999,104,87,73,-6,9,78,200,4,3,80,0,0,0,0,0,1,0,0
2016,108,7,52,-14,13,27,177,70,4,34,0,1,0,0,0,0,0,0
1992,134,56,56,-10,11,45,296,16,3,78,0,0,0,1,0,0,0,0
1999,97,74,57,-6,9,66,258,6,3,62,0,1,0,0,0,0,0,0
2007,173,96,43,-4,3,37,269,0,4,76,0,0,0,0,0,1,0,0
2001,94,77,37,-6,9,42,248,18,7,59,0,0,0,0,0,1,0,0
1970,130,85,59,-6,27,81,161,6,3,69,1,0,0,0,0,0,0,0
2004,172,66,45,-4,8,37,236,8,3,67,0,0,1,0,0,0,0,0
2006,103,95,54,-4,38,78,174,0,4,58,1,0,0,0,0,0,0,0
2017,108,61,57,-9,10,69,185,56,4,41,0,0,0,0,0,0,0,1
1977,130,70,48,-8,31,83,249,40,4,52,1,0,0,0,0,0,0,0
1996,137,76,60,-11,6,39,243,0,3,67,0,1,0,0,0,0,0,0
1999,140,43,44,-10,14,26,269,54,3,44,0,0,0,0,0,0,0,1
2008,119,81,85,-5,12,78,237,12,8,69,0,0,0,0,0,0,1,0
1998,96,50,92,-10,7,56,194,1,10,46,0,0,0,0,0,0,1,0
1959,168,80,53,-9,31,97,162,74,7,74,1,0,0,0,0,0,0,0
1983,61,25,49,-14,10,6,251,41,4,59,0,0,0,0,1,0,0,0
2005,186,87,34,-3,13,27,260,8,8,61,0,0,0,0,0,0,1,0
1987,102,35,67,-18,9,65,267,40,4,71,0,1,0,0,0,0,0,0
1984,79,27,34,-16,26,14,210,61,3,44,0,0,0,0,0,0,0,1
2004,75,41,33,-7,10,7,276,61,3,41,0,0,1,0,0,0,0,0
1988,132,63,55,-12,37,79,186,3,3,46,0,0,0,0,0,0,0,1
1997,104,86,53,-5,24,86,291,19,3,46,0,0,0,0,0,0,0,1
2014,147,31,55,-10,11,25,261,82,3,74,0,1,0,0,0,0,0,0
1989,142,85,53,-12,30,91,239,31,4,52,0,0,0,0,0,0,0,1
1968,126,49,51,-10,11,65,180,26,3,69,0,0,0,1,0,0,0,0
2011,133,80,74,-8,19,98,239,0,4,54,0,0,0,1,0,0,0,0
2001,176,74,66,-7,22,91,240,66,8,70,0,0,0,0,0,1,0,0
1975,89,64,57,-9,86,61,271,24,4,53,0,0,0,0,1,0,0,0
1986,113,95,65,-7,29,61,286,1,4,68,0,0,0,1,0,0,0,0
2006,113,95,22,-4,16,17,176,0,18,62,0,0,0,0,0,1,0,0
2016,158,45,48,-6,9,29,295,34,3,73,0,1,0,0,0,0,0,0
2005,122,74,64,-4,10,36,263,27,4,80,0,0,1,0,0,0,0,0
1969,134,34,40,-11,14,38,182,20,3,72,0,1,0,0,0,0,0,0
1967,109,91,53,-5,7,49,171,1,8,72,1,0,0,0,0,0,0,0
1995,143,48,66,-9,12,64,191,64,4,73,0,0,0,1,0,0,0,0
2014,108,38,61,-10,10,20,259,61,5,84,0,0,0,1,0,0,0,0
2005,130,94,37,-5,19,37,256,0,7,75,0,0,0,0,0,1,0,0
1984,111,85,64,-8,68,84,241,22,4,54,0,0,0,0,0,1,0,0
1976,98,58,52,-13,5,49,366,2,3,53,1,0,0,0,0,0,0,0
1996,71,58,39,-7,22,38,295,47,3,63,0,0,0,0,0,1,0,0
1992,102,51,49,-13,7,67,208,1,6,39,0,1,0,0,0,0,0,0
1995,80,51,65,-10,40,39,241,7,6,80,0,1,0,0,0,0,0,0
1971,203,82,27,-6,36,81,233,10,10,69,0,1,0,0,0,0,0,0
2017,190,53,26,-6,5,45,213,39,4,41,0,1,0,0,0,0,0,0
2001,91,63,67,-12,10,86,245,1,5,54,1,0,0,0,0,0,0,0
1976,135,89,33,-6,35,16,287,9,7,50,1,0,0,0,0,0,0,0
1993,112,75,42,-11,7,23,170,1,5,64,0,0,0,0,0,1,0,0
2006,137,96,37,-5,12,21,366,0,14,69,0,0,1,0,0,0,0,0
2012,100,76,51,-7,14,35,220,1,7,51,1,0,0,0,0,0,0,0
1971,145,43,41,-11,15,28,377,38,3,79,1,0,0,0,0,0,0,0
1974,83,18,30,-11,13,9,160,85,3,57,1,0,0,0,0,0,0,0
2015,130,93,48,-5,31,37,232,1,5,60,0,0,1,0,0,0,0,0
1999,150,40,45,-12,6,17,332,3,3,24,0,0,0,1,0,0,0,0
1973,121,47,56,-8,15,40,193,45,3,68,1,0,0,0,0,0,0,0
1995,139,80,76,-6,17,91,258,3,4,60,0,0,0,1,0,0,0,0
1963,111,24,60,-17,25,47,217,89,4,65,1,0,0,0,0,0,0,0
2010,91,30,28,-13,12,26,210,88,3,27,0,0,0,0,0,0,0,1
1968,83,43,48,-6,15,61,157,69,2,67,0,0,0,0,1,0,0,0
2001,172,76,45,-5,10,54,224,0,3,78,0,0,0,0,0,1,0,0
1986,106,58,76,-13,6,94,310,1,5,68,0,1,0,0,0,0,0,0
2008,121,41,83,-14,5,88,324,46,13,44,0,0,0,0,0,0,0,1
2004,88,87,25,-4,12,13,268,5,5,56,0,0,0,0,0,0,0,1
2008,96,63,66,-10,60,84,215,21,6,53,0,0,0,0,0,0,0,1
1998,117,27,39,-14,11,17,275,17,3,56,0,0,0,0,0,0,1,0
2015,115,61,86,-7,3,93,270,1,8,82,0,0,0,0,0,0,1,0
1994,119,58,73,-7,3,96,259,24,3,66,0,1,0,0,0,0,0,0
2005,112,78,58,-5,8,60,281,28,4,40,0,0,0,0,0,0,1,0
1997,70,13,35,-14,17,29,161,85,4,48,0,0,0,0,0,0,0,1
1968,144,55,63,-9,10,52,274,37,5,72,1,0,0,0,0,0,0,0
1977,127,60,62,-9,10,86,217,1,3,58,1,0,0,0,0,0,0,0
2010,132,29,54,-10,71,19,206,97,3,53,0,0,0,0,0,0,0,1
1990,120,32,74,-13,8,29,193,72,3,57,0,1,0,0,0,0,0,0
2011,94,75,65,-5,60,65,267,8,9,76,0,0,0,0,0,0,1,0
1989,102,59,77,-12,27,72,262,12,3,47,0,0,0,0,0,0,0,1
1982,121,67,60,-7,26,56,264,62,3,60,1,0,0,0,0,0,0,0
2012,148,60,51,-14,81,96,312,67,10,34,0,0,0,0,0,0,0,1
2013,116,81,73,-7,6,25,232,3,8,55,0,0,0,1,0,0,0,0
1976,119,83,48,-7,32,82,394,18,9,67,0,0,0,0,1,0,0,0
1972,167,47,30,-13,34,58,228,69,5,58,0,0,0,1,0,0,0,0
1996,135,72,27,-10,84,34,455,2,6,35,0,1,0,0,0,0,0,0
2013,110,64,70,-9,28,65,211,22,17,53,0,0,0,1,0,0,0,0
1998,167,61,24,-8,22,33,258,66,3,68,0,0,0,0,0,0,1,0
1985,109,60,82,-9,9,55,246,13,3,76,1,0,0,0,0,0,0,0
1994,97,14,32,-10,18,8,414,93,3,73,0,0,0,0,0,1,0,0
1979,169,84,47,-6,11,69,158,0,6,63,0,0,0,0,0,0,1,0
1974,146,31,30,-11,37,46,181,87,3,69,0,0,0,0,1,0,0,0
2006,130,32,53,-17,97,46,281,53,8,41,0,0,0,0,0,0,0,1
2002,117,18,54,-13,11,13,343,75,5,56,0,0,0,0,1,0,0,0
2008,124,59,47,-8,28,18,236,42,3,38,1,0,0,0,0,0,0,0
1979,120,49,75,-10,22,53,293,2,4,64,0,1,0,0,0,0,0,0
1966,138,28,58,-9,31,81,127,94,4,71,0,1,0,0,0,0,0,0
1968,133,36,59,-14,6,50,217,48,4,75,0,0,0,0,1,0,0,0
1990,104,79,59,-4,31,96,188,0,4,68,1,0,0,0,0,0,0,0
1998,121,66,38,-5,25,14,299,17,3,76,1,0,0,0,0,0,0,0
2011,120,93,51,-3,14,48,264,0,4,53,0,0,0,0,0,0,0,1
1971,133,32,42,-13,9,41,200,62,3,68,0,1,0,0,0,0,0,0
1992,94,52,56,-12,94,64,289,32,5,70,1,0,0,0,0,0,0,0
1969,121,39,72,-17,5,79,187,16,3,60,1,0,0,0,0,0,0,0
1998,116,19,56,-13,11,12,321,73,3,53,0,0,0,0,0,0,1,0
1991,139,60,54,-10,13,25,387,1,3,65,0,0,0,0,0,1,0,0
2011,129,50,86,-7,10,72,245,59,4,76,0,0,0,1,0,0,0,0
1985,172,94,46,-7,12,80,252,44,11,61,1,0,0,0,0,0,0,0
1987,118,98,85,-4,31,60,258,25,8,76,0,0,0,1,0,0,0,0
2019,135,43,70,-11,10,56,194,33,38,95,0,1,0,0,0,0,0,0
1971,131,50,42,-13,20,66,254,48,3,39,0,0,0,0,0,1,0,0
1964,172,40,39,-8,8,59,192,89,3,69,1,0,0,0,0,0,0,0
1970,119,36,39,-11,12,31,444,0,3,63,1,0,0,0,0,0,0,0
1983,134,63,65,-10,11,87,257,2,3,57,1,0,0,0,0,0,0,0
1988,103,69,52,-11,11,93,229,10,3,59,1,0,0,0,0,0,0,0
1976,107,43,65,-10,11,65,305,38,3,64,1,0,0,0,0,0,0,0
2014,114,34,44,-11,10,8,266,4,3,65,0,0,0,0,0,1,0,0
1984,144,91,59,-8,60,93,244,15,4,59,1,0,0,0,0,0,0,0
1974,111,54,67,-11,13,81,162,57,4,74,0,0,0,1,0,0,0,0
2005,82,48,68,-10,9,45,209,63,3,76,0,1,0,0,0,0,0,0
1998,81,90,39,-7,11,20,255,4,7,60,0,0,0,0,0,1,0,0
1976,118,17,43,-11,11,14,296,42,4,54,1,0,0,0,0,0,0,0
1980,169,70,44,-8,28,78,217,1,4,39,1,0,0,0,0,0,0,0
2011,116,33,53,-10,11,11,526,69,5,73,0,0,0,1,0,0,0,0
1982,127,82,89,-5,13,96,239,23,4,71,0,0,0,1,0,0,0,0
1980,127,77,53,-6,39,76,210,0,6,78,1,0,0,0,0,0,0,0
1966,137,90,60,-7,7,62,219,4,5,65,1,0,0,0,0,0,0,0
1991,125,59,46,-9,10,24,284,0,3,74,0,1,0,0,0,0,0,0
2016,144,59,38,-6,9,27,291,35,5,73,0,1,0,0,0,0,0,0
2014,116,39,69,-11,12,38,213,49,3,52,0,0,0,0,0,0,0,1
2016,108,40,49,-8,14,15,598,49,3,67,0,1,0,0,0,0,0,0
2014,122,71,66,-5,12,48,258,7,4,74,0,0,0,0,0,0,1,0
1972,134,51,45,-16,72,56,102,13,6,29,1,0,0,0,0,0,0,0
1967,163,46,36,-14,92,18,337,29,7,67,0,1,0,0,0,0,0,0
1991,98,64,48,-12,8,73,202,6,3,49,1,0,0,0,0,0,0,0
1986,161,26,54,-16,8,36,394,83,5,45,1,0,0,0,0,0,0,0
1984,81,25,39,-11,10,20,177,79,4,59,0,0,0,0,1,0,0,0
1984,191,93,40,-7,9,73,408,0,6,70,0,0,0,0,0,0,1,0
2011,166,29,38,-8,12,17,201,95,5,75,0,1,0,0,0,0,0,0
1988,115,31,69,-17,10,56,266,80,3,57,0,1,0,0,0,0,0,0
1970,143,40,44,-8,11,41,243,63,3,79,0,1,0,0,0,0,0,0
2005,81,41,66,-9,16,37,386,60,3,43,0,0,0,0,0,0,0,1
1973,83,45,60,-10,21,80,265,37,4,75,1,0,0,0,0,0,0,0
2018,122,40,43,-10,12,63,195,48,5,28,0,0,0,0,0,0,0,1
2017,116,83,52,-4,8,48,331,0,4,62,0,0,0,1,0,0,0,0
1970,86,52,61,-10,12,80,206,37,3,72,1,0,0,0,0,0,0,0
1974,82,50,33,-16,13,11,1367,11,4,48,0,0,0,0,0,0,1,0
1979,120,66,79,-11,33,87,226,1,4,52,0,1,0,0,0,0,0,0
1985,174,61,76,-13,11,86,189,8,7,65,0,1,0,0,0,0,0,0
1977,152,67,55,-9,5,48,270,1,5,78,1,0,0,0,0,0,0,0
1993,84,37,54,-10,8,24,279,69,3,72,0,1,0,0,0,0,0,0
2011,82,52,43,-9,22,56,216,80,7,52,0,0,0,0,0,0,0,1
2014,94,34,38,-11,8,8,217,9,3,39,1,0,0,0,0,0,0,0
2003,173,55,34,-8,12,36,280,33,4,54,0,0,0,0,0,0,0,1
2004,92,57,62,-8,11,34,243,10,3,52,0,0,0,0,0,0,0,1
1978,121,57,80,-13,11,96,327,45,3,41,1,0,0,0,0,0,0,0
2018,198,61,30,-7,15,33,251,6,3,32,0,0,0,0,0,0,0,1
1979,128,85,77,-6,7,87,271,21,4,78,1,0,0,0,0,0,0,0
1971,129,93,63,-4,6,96,229,22,3,71,1,0,0,0,0,0,0,0
1974,136,14,45,-13,10,16,176,96,3,61,0,0,0,1,0,0,0,0
1995,127,79,77,-10,5,96,266,2,3,74,0,0,0,0,0,1,0,0
1985,185,52,73,-11,8,96,203,7,12,60,0,0,0,0,0,0,1,0
1982,114,19,69,-19,17,32,245,67,3,31,1,0,0,0,0,0,0,0
1982,115,60,62,-8,12,58,228,14,4,24,0,0,0,0,0,0,0,1
2015,161,38,35,-8,15,36,230,61,3,26,0,0,0,0,0,0,0,1
1991,108,53,91,-9,5,90,241,50,5,54,1,0,0,0,0,0,0,0
2015,125,88,56,-3,87,51,317,0,3,69,0,0,1,0,0,0,0,0
2009,128,91,60,-4,12,41,305,0,8,76,0,0,1,0,0,0,0,0
2004,107,79,69,-4,58,75,206,6,17,75,0,1,0,0,0,0,0,0
1977,177,32,29,-12,12,38,201,80,3,72,1,0,0,0,0,0,0,0
1992,124,65,76,-15,9,86,332,21,3,57,0,1,0,0,0,0,0,0
2015,117,74,64,-4,17,79,216,1,3,85,0,1,0,0,0,0,0,0
1995,110,43,60,-10,17,27,336,29,3,49,1,0,0,0,0,0,0,0
1991,100,66,67,-8,11,70,244,0,3,63,1,0,0,0,0,0,0,0
2000,122,67,63,-7,28,48,298,64,3,43,1,0,0,0,0,0,0,0
2012,170,69,57,-7,11,78,237,4,3,54,0,0,0,0,0,0,0,1
2012,84,40,70,-14,90,82,158,56,6,27,0,1,0,0,0,0,0,0
1965,80,14,22,-15,11,13,267,86,3,62,0,0,0,0,1,0,0,0
1987,169,83,55,-11,22,91,241,9,3,63,0,0,0,0,1,0,0,0
1996,169,72,41,-8,8,31,189,0,4,54,0,0,0,0,0,1,0,0
2002,130,70,52,-7,13,35,268,4,4,41,0,0,0,0,0,0,0,1
1970,113,93,56,-10,35,62,146,1,6,77,1,0,0,0,0,0,0,0
2011,135,33,56,-8,10,28,285,89,3,79,0,1,0,0,0,0,0,0
1978,135,27,55,-15,11,21,234,42,3,59,1,0,0,0,0,0,0,0
2004,186,99,38,-2,37,77,176,0,6,78,0,0,1,0,0,0,0,0
1971,169,26,47,-11,12,46,309,88,3,68,0,0,0,0,1,0,0,0
1998,135,55,44,-8,54,26,347,49,3,66,0,0,0,0,0,0,1,0
1975,81,54,48,-11,16,58,508,49,4,69,1,0,0,0,0,0,0,0
2017,115,71,63,-7,14,24,210,1,3,54,0,1,0,0,0,0,0,0
1988,102,72,59,-13,93,72,255,20,5,44,0,1,0,0,0,0,0,0
1992,74,30,43,-14,23,16,278,70,3,61,0,1,0,0,0,0,0,0
1968,110,64,52,-6,32,66,180,57,3,59,0,0,0,0,1,0,0,0
1986,111,27,90,-12,5,74,226,1,9,74,0,1,0,0,0,0,0,0
1967,76,44,31,-7,51,22,258,41,3,50,0,0,0,0,1,0,0,0
1994,94,45,36,-10,28,14,271,6,2,69,1,0,0,0,0,0,0,0
1986,123,89,53,-4,29,80,249,8,3,83,0,1,0,0,0,0,0,0
2018,87,93,50,-3,37,68,217,3,8,39,0,0,0,0,0,0,0,1
1972,171,46,54,-10,10,80,187,19,3,71,1,0,0,0,0,0,0,0
2013,131,22,46,-10,11,15,243,90,3,41,0,1,0,0,0,0,0,0
1967,65,33,31,-9,14,67,208,5,3,69,0,1,0,0,0,0,0,0
1986,134,86,50,-6,8,42,209,1,7,68,0,0,0,0,0,1,0,0
2003,81,65,50,-7,33,57,273,22,4,64,0,1,0,0,0,0,0,0
2012,119,26,46,-8,11,23,221,92,4,46,0,0,0,0,0,0,1,0
2012,141,71,75,-10,10,90,283,9,3,41,0,0,0,0,0,0,0,1
2002,114,30,70,-17,10,23,332,4,3,52,1,0,0,0,0,0,0,0
2006,124,33,76,-10,24,24,246,73,3,75,0,1,0,0,0,0,0,0
1984,82,57,62,-12,6,90,231,27,4,79,0,0,0,0,0,0,1,0
2004,141,30,71,-12,10,48,203,44,3,44,1,0,0,0,0,0,0,0
1985,90,55,50,-13,10,45,244,45,3,53,0,0,0,0,0,0,0,1
1977,91,73,49,-6,8,43,366,0,9,62,1,0,0,0,0,0,0,0
1979,146,34,51,-13,21,27,301,0,5,64,1,0,0,0,0,0,0,0
1970,116,47,74,-13,19,89,160,9,3,71,1,0,0,0,0,0,0,0
2012,155,54,27,-7,10,33,285,49,3,54,0,0,0,0,0,0,1,0
1998,179,54,45,-7,6,61,266,68,3,62,0,1,0,0,0,0,0,0
1991,104,60,66,-9,10,26,399,13,3,39,1,0,0,0,0,0,0,0
2000,164,76,50,-8,14,58,248,0,3,40,0,0,0,0,0,0,0,1
1970,128,32,55,-11,10,33,242,83,3,77,1,0,0,0,0,0,0,0
2005,104,29,66,-11,11,30,233,87,3,80,0,1,0,0,0,0,0,0
1986,174,54,65,-13,19,90,255,12,3,58,1,0,0,0,0,0,0,0
1987,140,90,23,-7,96,49,239,0,6,42,1,0,0,0,0,0,0,0
1997,103,61,71,-14,8,88,195,4,3,44,0,0,0,1,0,0,0,0
1987,82,20,32,-21,9,29,236,91,4,62,0,1,0,0,0,0,0,0
1964,117,58,30,-7,10,23,271,0,3,69,1,0,0,0,0,0,0,0
2009,126,95,51,-5,30,63,324,0,6,56,0,0,0,0,0,1,0,0
2009,120,69,79,-4,14,22,243,8,3,59,0,0,0,0,0,1,0,0
2005,120,56,41,-11,16,16,311,1,3,63,0,1,0,0,0,0,0,0
1989,144,48,34,-10,14,18,260,28,3,68,1,0,0,0,0,0,0,0
1999,112,65,58,-8,11,13,286,1,3,52,0,1,0,0,0,0,0,0
1984,126,99,73,-5,44,84,353,1,5,70,0,1,0,0,0,0,0,0
1972,109,78,45,-9,34,51,252,44,4,55,1,0,0,0,0,0,0,0
2006,122,87,55,-4,21,32,240,0,3,73,0,0,1,0,0,0,0,0
2006,125,74,69,-6,8,84,197,15,3,42,1,0,0,0,0,0,0,0
1968,122,72,62,-10,76,89,176,20,4,48,0,0,0,0,1,0,0,0
2007,156,79,29,-6,8,51,290,0,4,75,0,0,0,0,0,1,0,0
2018,93,84,64,-8,21,89,216,42,4,26,0,1,0,0,0,0,0,0
2000,130,71,66,-7,7,86,122,0,9,64,0,0,0,0,0,1,0,0
2015,147,68,40,-6,68,60,212,18,3,47,1,0,0,0,0,0,0,0
2002,88,20,73,-12,7,62,186,88,3,74,0,0,0,0,1,0,0,0
1979,127,37,47,-13,8,17,382,15,3,75,1,0,0,0,0,0,0,0
1968,92,46,61,-14,7,81,244,71,5,76,1,0,0,0,0,0,0,0
1977,77,56,66,-9,6,62,294,40,3,46,0,1,0,0,0,0,0,0
1971,120,78,56,-7,7,97,179,36,6,67,1,0,0,0,0,0,0,0
2005,105,86,64,-7,87,47,250,23,7,52,0,0,0,0,0,1,0,0
1978,92,61,63,-7,68,55,223,60,3,48,0,0,0,0,0,0,0,1
1988,116,67,65,-11,13,59,254,5,4,50,1,0,0,0,0,0,0,0
2006,105,44,29,-7,10,45,246,91,3,59,0,0,0,1,0,0,0,0
2010,172,96,60,-4,25,57,188,20,5,47,0,1,0,0,0,0,0,0
1997,164,43,26,-13,19,55,198,55,3,77,0,0,0,0,1,0,0,0
1987,99,64,44,-7,64,25,286,53,6,42,0,1,0,0,0,0,0,0
1969,128,76,69,-6,8,96,188,46,4,59,1,0,0,0,0,0,0,0
1971,81,86,44,-8,24,75,295,40,9,73,1,0,0,0,0,0,0,0
2018,126,83,69,-7,25,98,215,17,3,82,0,1,0,0,0,0,0,0
1973,116,22,28,-14,8,18,284,77,3,66,1,0,0,0,0,0,0,0
2008,87,68,57,-8,18,67,268,36,3,38,0,0,0,0,0,0,0,1
2008,178,68,30,-8,43,77,249,83,25,46,0,1,0,0,0,0,0,0
1987,134,45,60,-13,10,78,174,1,3,53,0,0,0,0,1,0,0,0
1970,99,26,71,-15,10,56,177,88,4,71,0,1,0,0,0,0,0,0
2013,77,51,57,-7,9,51,484,23,5,77,0,0,0,0,0,0,1,0
1993,171,50,40,-11,11,37,327,8,7,66,0,1,0,0,0,0,0,0
1991,99,67,69,-6,12,71,255,20,5,61,0,1,0,0,0,0,0,0
1974,126,69,64,-16,28,46,275,21,5,74,1,0,0,0,0,0,0,0
1964,111,53,69,-10,28,78,156,19,3,58,0,1,0,0,0,0,0,0
1999,77,17,50,-16,14,25,263,95,3,38,0,0,0,0,0,0,0,1
1999,127,92,63,-5,11,36,290,12,5,65,0,0,0,0,0,1,0,0
1970,118,39,47,-14,14,55,241,64,3,63,1,0,0,0,0,0,0,0
2016,150,43,49,-8,12,31,315,10,3,59,0,0,0,0,0,0,0,1
1983,177,90,50,-7,14,77,183,36,18,79,1,0,0,0,0,0,0,0
1991,91,61,74,-11,6,89,221,9,8,55,1,0,0,0,0,0,0,0
1999,95,87,60,-7,8,65,256,57,4,18,1,0,0,0,0,0,0,0
1968,115,65,45,-9,17,70,285,2,3,70,0,1,0,0,0,0,0,0
2015,112,92,64,-4,15,53,264,0,4,74,0,1,0,0,0,0,0,0
1995,88,38,42,-12,9,35,257,7,3,72,0,0,0,0,0,1,0,0
1995,100,80,79,-6,11,27,319,43,4,64,0,0,0,1,0,0,0,0
1988,142,18,44,-16,24,35,358,84,3,40,0,1,0,0,0,0,0,0
1997,171,92,36,-6,41,52,357,3,5,78,0,0,0,0,0,1,0,0
1980,133,72,68,-8,37,77,274,11,3,48,0,1,0,0,0,0,0,0
2004,105,81,55,-5,10,15,286,2,3,77,0,0,1,0,0,0,0,0
1994,141,66,38,-6,8,33,353,12,3,76,0,1,0,0,0,0,0,0
1977,159,84,29,-4,10,42,334,0,8,65,1,0,0,0,0,0,0,0
1999,86,68,87,-6,9,82,268,4,32,72,0,1,0,0,0,0,0,0
1965,79,33,40,-9,19,55,174,86,4,74,0,0,0,0,1,0,0,0
2018,91,70,54,-6,10,56,221,5,3,30,0,0,0,0,0,0,0,1
1969,75,38,40,-7,12,23,277,70,3,73,0,0,0,0,1,0,0,0
2017,84,20,59,-11,9,17,255,90,3,75,0,0,0,0,0,1,0,0
1976,177,78,39,-3,11,90,134,0,23,71,1,0,0,0,0,0,0,0
1967,112,67,50,-6,22,48,179,5,3,53,0,0,0,1,0,0,0,0
1997,119,50,75,-9,9,34,258,1,4,63,1,0,0,0,0,0,0,0
2001,179,47,33,-9,32,43,336,60,3,70,1,0,0,0,0,0,0,0
1976,104,56,43,-7,13,28,235,2,3,74,0,0,0,0,1,0,0,0
1975,80,33,49,-12,33,14,233,1,3,58,1,0,0,0,0,0,0,0
2002,105,73,68,-8,14,94,281,11,2,59,1,0,0,0,0,0,0,0
2002,112,74,65,-7,23,52,261,18,3,16,0,0,0,0,0,0,0,1
1987,90,82,29,-7,16,24,275,1,4,65,1,0,0,0,0,0,0,0
2008,129,59,93,-12,11,96,219,43,5,41,0,0,0,0,0,0,0,1
1970,155,28,50,-15,39,67,173,64,3,63,1,0,0,0,0,0,0,0
2018,128,54,33,-9,21,82,146,57,4,29,0,0,0,0,0,0,0,1
1980,81,62,63,-11,10,42,355,34,6,53,0,0,0,0,0,0,1,0
1986,120,32,43,-21,98,52,193,20,17,41,1,0,0,0,0,0,0,0
2004,94,84,52,-4,10,46,215,0,3,54,0,0,1,0,0,0,0,0
2005,98,69,67,-7,10,83,213,6,3,41,0,0,0,0,0,0,0,1
1967,85,56,40,-11,59,65,276,8,5,65,0,1,0,0,0,0,0,0
2008,170,66,46,-9,33,53,274,3,6,72,1,0,0,0,0,0,0,0
1989,115,69,57,-11,5,57,377,60,28,56,1,0,0,0,0,0,0,0
1992,101,83,31,-8,9,59,207,0,4,71,0,0,0,0,0,1,0,0
2000,143,74,71,-8,10,64,231,26,4,66,0,0,0,0,0,0,1,0
2009,138,64,71,-10,19,10,177,0,9,53,0,1,0,0,0,0,0,0
2014,84,42,42,-6,11,18,173,59,4,84,0,0,0,1,0,0,0,0
1998,91,22,69,-15,11,47,233,92,6,39,0,0,0,0,0,0,0,1
1997,125,92,64,-6,33,72,234,0,4,67,0,0,0,0,0,1,0,0
2013,123,54,45,-9,9,13,244,70,4,58,0,0,1,0,0,0,0,0
2001,127,93,42,-4,13,29,210,0,12,80,0,0,0,0,0,1,0,0
2011,160,64,59,-8,13,56,185,56,10,71,0,0,0,1,0,0,0,0
1986,130,78,67,-6,12,70,264,2,4,54,1,0,0,0,0,0,0,0
2008,85,76,37,-9,58,64,302,22,5,62,0,0,0,1,0,0,0,0
1958,168,7,17,-21,14,10,298,92,3,66,0,0,0,0,1,0,0,0
1991,132,74,50,-7,11,38,336,2,4,77,0,1,0,0,0,0,0,0
1983,117,35,72,-11,11,64,197,20,4,71,0,1,0,0,0,0,0,0
1973,144,75,66,-11,28,97,170,10,3,68,0,0,0,0,1,0,0,0
2016,131,46,60,-12,22,80,204,10,4,27,0,0,0,0,0,0,0,1
1993,176,60,50,-9,22,47,289,6,3,48,0,0,0,1,0,0,0,0
1989,139,52,51,-6,12,23,243,38,3,49,1,0,0,0,0,0,0,0
1979,119,60,83,-14,8,92,246,18,6,62,0,0,0,1,0,0,0,0
1972,100,45,49,-10,54,55,254,17,3,74,1,0,0,0,0,0,0,0
1974,112,36,48,-13,30,32,410,47,4,43,1,0,0,0,0,0,0,0
1989,132,29,55,-12,4,12,395,33,3,55,1,0,0,0,0,0,0,0
2008,130,48,55,-8,10,18,270,48,3,50,0,0,0,0,0,0,0,1
1979,119,82,88,-10,18,95,365,13,9,74,0,0,0,1,0,0,0,0
2007,124,55,50,-7,9,63,196,68,3,62,1,0,0,0,0,0,0,0
1973,140,24,25,-14,7,21,421,68,3,46,0,0,0,1,0,0,0,0
1980,82,45,51,-7,13,33,230,36,3,51,1,0,0,0,0,0,0,0
1991,153,78,26,-9,12,26,183,1,6,68,0,1,0,0,0,0,0,0
2017,135,66,67,-5,12,56,201,4,3,82,0,0,1,0,0,0,0,0
1971,92,9,42,-19,34,46,243,91,4,69,0,0,0,0,1,0,0,0
1994,120,43,51,-10,6,21,309,18,4,67,0,0,0,1,0,0,0,0
1972,134,26,54,-12,15,64,148,85,3,58,0,0,0,0,1,0,0,0
1989,91,37,75,-10,11,47,287,27,3,71,1,0,0,0,0,0,0,0
2014,116,78,65,-7,10,63,203,13,4,49,0,0,0,0,0,0,0,1
1976,123,65,55,-7,12,37,212,58,3,70,1,0,0,0,0,0,0,0
2001,75,92,51,-5,40,31,272,1,9,60,0,0,0,0,0,1,0,0
2018,148,63,49,-7,9,8,275,68,3,80,0,1,0,0,0,0,0,0
1984,123,16,46,-17,18,10,333,38,3,72,1,0,0,0,0,0,0,0
1976,109,68,38,-8,5,29,285,0,3,78,1,0,0,0,0,0,0,0
2008,76,58,35,-8,12,11,223,6,4,61,0,1,0,0,0,0,0,0
2007,98,62,66,-9,7,66,256,51,3,35,0,0,0,0,0,0,0,1
1984,99,68,37,-9,9,34,368,1,3,41,1,0,0,0,0,0,0,0
2011,166,87,36,-8,10,61,194,0,7,73,0,0,0,0,0,1,0,0
1988,120,34,82,-16,50,79,254,14,4,59,1,0,0,0,0,0,0,0
2015,128,58,57,-9,14,30,287,1,3,58,0,1,0,0,0,0,0,0
1977,172,84,20,-8,29,39,590,28,7,60,1,0,0,0,0,0,0,0
1986,101,31,61,-15,6,28,302,70,3,47,0,0,0,0,0,0,0,1
2005,141,92,58,-5,20,77,177,0,6,40,0,0,0,1,0,0,0,0
1984,135,58,69,-11,12,94,302,29,3,71,0,0,0,0,0,0,1,0
1983,127,63,43,-12,11,74,220,3,4,65,1,0,0,0,0,0,0,0
2008,157,93,23,-5,93,28,403,29,17,32,0,1,0,0,0,0,0,0
1991,89,85,63,-6,6,43,325,0,3,63,0,0,0,0,0,1,0,0
1960,87,35,27,-9,33,33,180,55,3,74,0,0,0,0,1,0,0,0
2015,168,76,43,-9,10,51,155,0,6,35,0,0,0,0,0,0,0,1
1984,115,70,68,-13,5,69,237,33,4,61,1,0,0,0,0,0,0,0
2009,134,88,63,-5,17,49,242,4,4,40,0,0,0,0,0,1,0,0
1993,142,82,58,-7,28,73,272,18,4,76,0,0,0,0,0,1,0,0
2012,131,76,48,-5,31,45,277,1,3,69,0,0,1,0,0,0,0,0
2011,85,29,64,-10,18,41,258,67,4,76,0,0,0,1,0,0,0,0
1982,84,10,55,-20,8,7,407,70,3,38,1,0,0,0,0,0,0,0
1987,124,99,45,-4,27,32,273,2,9,72,0,1,0,0,0,0,0,0
1966,159,80,46,-9,40,61,202,5,9,78,1,0,0,0,0,0,0,0
1981,145,51,52,-8,29,65,154,48,4,53,0,0,0,0,0,0,1,0
2003,109,58,74,-12,5,78,260,12,5,64,0,0,0,0,1,0,0,0
1970,94,45,49,-12,43,46,298,15,3,53,0,1,0,0,0,0,0,0
1980,117,54,59,-11,31,59,302,18,3,66,1,0,0,0,0,0,0,0
1982,114,71,67,-8,10,47,248,42,5,72,1,0,0,0,0,0,0,0
2008,80,47,62,-6,11,33,211,31,3,63,0,1,0,0,0,0,0,0
1978,115,85,73,-7,44,74,261,13,4,65,0,1,0,0,0,0,0,0
2000,110,78,65,-5,22,57,137,14,3,63,0,1,0,0,0,0,0,0
2018,103,76,53,-7,14,84,258,6,4,33,0,0,0,0,0,0,0,1
2003,124,46,74,-8,26,32,232,1,8,74,0,0,0,0,0,1,0,0
1971,96,31,69,-19,9,52,144,17,4,62,0,1,0,0,0,0,0,0
1977,133,49,52,-12,14,47,201,10,3,68,1,0,0,0,0,0,0,0
2007,120,76,70,-5,13,68,210,12,6,42,0,0,0,0,0,0,0,1
2019,97,38,40,-10,12,28,270,51,3,70,0,0,0,0,0,0,0,1
1977,106,80,67,-9,6,76,184,3,4,62,1,0,0,0,0,0,0,0
1969,118,62,48,-10,14,19,320,6,3,43,1,0,0,0,0,0,0,0
1978,156,87,56,-5,77,60,209,5,16,76,1,0,0,0,0,0,0,0
1977,137,69,55,-14,14,67,262,2,4,74,1,0,0,0,0,0,0,0
2019,106,32,52,-12,13,31,335,74,3,37,1,0,0,0,0,0,0,0
1988,127,39,74,-17,9,59,382,38,3,56,1,0,0,0,0,0,0,0
2014,125,64,55,-7,22,15,268,1,3,78,0,1,0,0,0,0,0,0
2007,162,33,56,-11,11,30,236,90,3,67,0,1,0,0,0,0,0,0
1980,103,72,92,-9,10,76,237,36,10,77,0,1,0,0,0,0,0,0
2018,100,61,70,-6,8,22,189,22,4,84,0,0,1,0,0,0,0,0
2014,156,87,37,-5,8,22,308,1,4,59,1,0,0,0,0,0,0,0
2004,79,36,53,-7,9,40,238,53,2,70,1,0,0,0,0,0,0,0
2018,152,60,32,-6,25,18,240,11,3,30,0,0,0,0,0,0,0,1
1973,132,48,69,-12,9,90,235,38,3,65,1,0,0,0,0,0,0,0
1992,91,47,53,-9,13,12,294,28,2,64,0,1,0,0,0,0,0,0
2002,92,90,50,-7,15,67,275,1,6,30,0,0,0,0,0,0,0,1
2005,199,36,28,-13,14,33,205,61,4,33,0,1,0,0,0,0,0,0
2001,96,64,59,-10,9,49,256,9,3,58,0,1,0,0,0,0,0,0
1997,158,88,41,-6,8,36,251,0,4,77,0,0,0,0,0,1,0,0
2004,138,99,51,-3,12,65,197,0,9,69,0,0,1,0,0,0,0,0
1987,118,67,75,-13,32,70,304,2,4,62,1,0,0,0,0,0,0,0
1967,106,30,35,-12,14,3,703,16,3,61,1,0,0,0,0,0,0,0
2013,142,96,46,-4,28,40,238,7,6,26,0,0,0,0,0,1,0,0
2008,131,91,47,-7,25,29,245,0,4,47,0,1,0,0,0,0,0,0
1991,89,76,36,-8,37,17,564,1,3,63,0,1,0,0,0,0,0,0
2009,94,18,56,-13,7,25,223,81,3,34,0,0,0,0,0,0,0,1
2004,138,85,60,-6,6,9,235,1,6,58,0,1,0,0,0,0,0,0
1973,124,54,47,-10,27,78,383,2,15,73,1,0,0,0,0,0,0,0
2007,153,84,32,-4,8,22,258,0,5,43,0,0,0,0,0,1,0,0
1975,134,52,40,-16,28,16,367,69,6,70,1,0,0,0,0,0,0,0
1992,125,77,65,-8,10,40,252,0,3,53,1,0,0,0,0,0,0,0
1994,105,83,35,-5,8,15,319,0,4,76,0,0,0,0,0,1,0,0
2002,123,73,48,-8,11,87,140,57,17,65,0,0,0,0,1,0,0,0
1970,148,21,33,-18,18,28,187,84,3,62,1,0,0,0,0,0,0,0
1985,129,46,78,-14,22,66,195,46,4,26,0,0,0,0,0,0,0,1
1996,104,88,80,-7,14,82,281,19,4,70,0,0,0,0,0,0,1,0
2006,139,77,53,-7,6,86,139,0,5,42,0,0,0,1,0,0,0,0
1994,167,64,31,-9,37,31,306,2,3,80,1,0,0,0,0,0,0,0
1982,159,57,35,-14,6,44,299,49,12,47,0,0,0,1,0,0,0,0
1979,151,81,58,-7,22,87,290,3,4,74,1,0,0,0,0,0,0,0
1989,104,74,66,-10,12,75,330,11,3,64,0,1,0,0,0,0,0,0
1996,130,82,55,-7,6,77,240,7,3,57,1,0,0,0,0,0,0,0
2002,112,8,53,-16,11,31,135,92,5,50,0,0,0,0,0,0,0,1
1993,86,83,41,-8,17,65,263,0,3,41,0,1,0,0,0,0,0,0
1985,110,71,66,-8,15,63,259,4,3,55,0,0,0,0,0,1,0,0
2013,99,68,62,-8,16,53,240,11,3,30,0,0,0,0,0,0,1,0
1966,127,18,56,-15,15,37,123,83,4,48,0,0,0,1,0,0,0,0
2005,83,53,66,-9,14,61,230,89,17,49,0,0,0,0,0,0,0,1
1972,143,63,57,-12,25,87,258,49,3,65,1,0,0,0,0,0,0,0
2017,90,30,64,-10,10,44,238,62,3,36,0,0,0,0,0,0,0,1
2019,120,90,52,-5,10,24,322,0,4,72,0,0,0,0,0,1,0,0
1974,168,47,28,-8,16,25,257,24,3,66,0,0,0,0,1,0,0,0
1983,129,94,70,-3,60,79,198,7,5,77,1,0,0,0,0,0,0,0
1995,124,43,42,-12,25,4,300,68,4,44,0,0,0,0,0,1,0,0
1980,127,38,56,-15,5,89,303,1,4,49,0,0,0,0,0,0,0,1
1966,129,25,34,-16,11,30,190,65,3,63,1,0,0,0,0,0,0,0
1982,93,37,67,-18,5,73,296,26,3,84,1,0,0,0,0,0,0,0
1971,133,33,27,-11,13,6,388,5,4,24,0,0,0,1,0,0,0,0
1975,141,76,37,-6,53,66,289,62,4,66,1,0,0,0,0,0,0,0
1980,140,98,32,-7,9,23,166,0,17,74,1,0,0,0,0,0,0,0
1968,170,34,25,-16,14,37,450,80,3,36,0,0,0,1,0,0,0,0
1977,98,93,42,-5,11,34,457,41,13,60,1,0,0,0,0,0,0,0
1975,79,18,33,-12,12,26,217,94,3,62,1,0,0,0,0,0,0,0
2018,124,86,79,-3,8,59,215,4,11,86,0,0,0,0,0,0,1,0
2009,150,81,49,-5,12,25,252,4,8,69,0,0,0,1,0,0,0,0
2006,120,92,67,-4,9,78,212,5,4,73,0,0,1,0,0,0,0,0
2005,105,91,46,-4,36,61,258,2,6,72,0,0,0,0,0,1,0,0
2015,189,76,43,-8,55,66,247,2,4,57,0,1,0,0,0,0,0,0
1972,109,78,44,-5,14,61,212,14,3,47,1,0,0,0,0,0,0,0
1992,107,71,85,-6,17,82,215,1,8,74,0,1,0,0,0,0,0,0
2015,117,79,40,-3,7,57,216,2,5,71,0,0,0,0,0,0,1,0
2004,115,64,60,-7,10,35,223,16,4,84,0,1,0,0,0,0,0,0
2003,132,55,85,-5,8,81,219,15,4,74,1,0,0,0,0,0,0,0
1978,101,88,78,-4,4,89,265,39,3,74,1,0,0,0,0,0,0,0
2010,117,62,48,-7,26,15,241,6,4,58,0,0,1,0,0,0,0,0
2019,72,33,45,-13,14,27,184,82,4,73,0,0,0,0,0,0,0,1
1979,115,73,71,-6,13,93,242,28,3,52,1,0,0,0,0,0,0,0
1967,98,50,39,-12,7,29,247,34,18,70,0,1,0,0,0,0,0,0
2005,171,64,46,-6,19,29,229,25,6,62,0,0,0,0,0,1,0,0
2006,123,59,48,-5,18,20,218,27,5,44,0,0,0,0,0,0,1,0
1986,90,100,28,-4,15,10,291,0,16,57,0,0,0,0,0,1,0,0
2008,123,34,45,-9,10,21,269,96,4,59,0,1,0,0,0,0,0,0
1972,123,51,65,-17,16,83,252,69,5,77,1,0,0,0,0,0,0,0
1969,95,72,27,-6,6,26,320,1,3,42,1,0,0,0,0,0,0,0
1989,119,91,28,-6,18,26,270,3,11,70,1,0,0,0,0,0,0,0
1977,76,52,73,-10,7,95,173,8,32,74,0,1,0,0,0,0,0,0
1994,150,63,34,-7,7,35,241,16,4,95,0,0,0,0,0,0,1,0
2008,97,55,74,-9,6,35,328,51,3,72,0,0,0,0,0,0,1,0
2000,98,68,62,-6,8,41,190,35,2,59,0,0,0,0,0,0,0,1
2007,118,73,45,-7,29,38,228,0,4,50,1,0,0,0,0,0,0,0
2018,128,49,41,-6,11,37,231,1,3,78,0,1,0,0,0,0,0,0
1990,167,61,38,-12,26,70,226,11,3,38,0,0,0,0,0,0,0,1
1992,114,39,57,-11,10,57,258,80,3,62,0,0,0,0,0,1,0,0
1968,113,81,44,-6,8,56,241,0,6,77,1,0,0,0,0,0,0,0
1977,117,93,52,-7,82,31,244,39,10,49,1,0,0,0,0,0,0,0
1968,110,58,55,-13,4,46,298,19,3,74,1,0,0,0,0,0,0,0
2006,136,85,58,-6,79,58,302,53,5,42,1,0,0,0,0,0,0,0
1970,163,66,42,-12,18,45,168,0,7,68,1,0,0,0,0,0,0,0
2008,142,24,34,-11,12,19,259,92,4,48,0,0,0,1,0,0,0,0
1982,112,32,38,-12,12,12,295,73,3,58,1,0,0,0,0,0,0,0
1972,114,59,63,-11,5,89,342,10,3,64,1,0,0,0,0,0,0,0
1989,153,45,69,-13,7,70,342,3,4,51,0,1,0,0,0,0,0,0
2012,80,81,37,-6,8,65,209,3,5,57,0,0,1,0,0,0,0,0
2016,90,40,73,-9,11,55,196,8,3,81,0,0,1,0,0,0,0,0
2004,101,78,44,-5,29,19,602,1,4,38,0,1,0,0,0,0,0,0
2008,104,86,54,-6,72,75,177,11,3,54,0,0,0,0,0,0,0,1
2017,112,75,91,-10,4,83,234,7,25,48,0,1,0,0,0,0,0,0
2013,108,88,54,-5,3,25,282,2,3,48,1,0,0,0,0,0,0,0
2013,144,40,56,-8,11,46,209,66,3,36,0,0,0,0,0,0,0,1
2015,127,47,76,-7,10,77,157,54,4,33,1,0,0,0,0,0,0,0
2017,145,91,55,-5,35,64,180,1,7,33,0,0,0,0,0,0,0,1
1984,118,82,78,-7,8,91,358,6,3,55,1,0,0,0,0,0,0,0
1985,134,66,67,-9,6,66,506,5,4,62,1,0,0,0,0,0,0,0
2010,108,72,58,-4,24,32,236,3,3,53,0,1,0,0,0,0,0,0
1972,125,54,68,-10,6,96,357,22,3,69,1,0,0,0,0,0,0,0
1980,178,29,30,-16,29,14,280,67,5,31,0,0,0,0,0,0,0,1
2016,92,74,70,-7,11,20,302,7,7,74,0,0,0,0,0,1,0,0
2019,178,80,66,-5,7,84,229,20,15,80,0,1,0,0,0,0,0,0
1969,165,38,53,-12,9,19,260,3,4,79,0,1,0,0,0,0,0,0
1981,118,74,73,-8,21,96,237,18,4,74,1,0,0,0,0,0,0,0
2002,112,81,53,-4,16,21,306,0,3,39,0,0,0,0,0,1,0,0
1971,171,73,35,-9,12,70,471,8,4,67,1,0,0,0,0,0,0,0
2011,126,79,60,-4,13,30,245,7,10,67,0,0,0,0,0,0,1,0
1988,74,42,69,-11,8,47,193,8,3,72,0,1,0,0,0,0,0,0
1966,126,75,57,-5,9,90,180,40,3,61,0,0,0,1,0,0,0,0
1997,136,99,61,-5,11,23,343,0,15,65,0,1,0,0,0,0,0,0
2018,180,63,47,-5,11,16,212,3,5,80,0,1,0,0,0,0,0,0
1975,119,76,52,-7,7,58,171,16,5,61,1,0,0,0,0,0,0,0
2007,75,67,30,-5,15,68,306,3,5,59,1,0,0,0,0,0,0,0
1968,99,56,45,-9,5,61,191,24,3,43,0,0,0,1,0,0,0,0
2018,140,71,62,-7,13,49,211,6,7,82,0,0,0,1,0,0,0,0
2008,183,44,56,-8,12,44,288,29,3,58,0,1,0,0,0,0,0,0
1971,117,72,49,-8,29,15,300,31,4,77,1,0,0,0,0,0,0,0
2013,127,72,68,-6,27,57,214,8,4,70,0,1,0,0,0,0,0,0
1996,155,47,34,-11,10,16,237,38,3,59,1,0,0,0,0,0,0,0
1971,140,39,43,-7,8,16,342,69,3,72,1,0,0,0,0,0,0,0
1993,139,43,57,-9,8,36,233,60,3,54,1,0,0,0,0,0,0,0
2008,80,72,51,-6,6,47,262,27,6,78,0,0,0,0,0,0,1,0
2007,100,55,59,-12,11,64,264,47,3,43,0,0,0,0,0,0,0,1
2013,81,76,50,-5,26,61,208,9,3,33,0,0,0,0,0,0,0,1
1990,81,65,52,-7,26,72,259,34,3,73,0,1,0,0,0,0,0,0
2017,103,64,62,-7,16,45,247,5,3,84,0,1,0,0,0,0,0,0
2004,170,68,44,-7,9,19,295,46,3,57,0,0,1,0,0,0,0,0
1987,119,63,71,-10,10,63,222,3,3,63,1,0,0,0,0,0,0,0
2014,128,87,58,-4,26,62,199,1,6,82,0,0,0,1,0,0,0,0
1990,134,89,50,-5,22,26,293,0,4,81,1,0,0,0,0,0,0,0
1978,83,67,43,-6,10,61,181,6,8,55,1,0,0,0,0,0,0,0
2014,118,72,78,-6,7,71,246,13,4,70,0,0,0,1,0,0,0,0
1961,100,29,40,-14,11,34,182,94,3,78,0,0,0,0,1,0,0,0
1998,117,58,73,-8,10,55,268,2,3,40,0,0,0,0,0,0,0,1
2004,139,77,44,-4,11,20,346,0,3,60,1,0,0,0,0,0,0,0
1997,177,21,49,-11,10,22,179,96,4,42,0,0,0,0,0,0,0,1
1977,178,34,39,-10,25,48,303,65,3,80,1,0,0,0,0,0,0,0
1986,110,31,67,-14,11,27,353,41,3,56,0,0,0,0,0,0,1,0
1997,142,95,53,-5,16,38,280,0,8,64,0,1,0,0,0,0,0,0
2018,120,85,60,-5,12,15,203,2,46,84,0,1,0,0,0,0,0,0
1970,139,97,54,-6,12,93,166,42,9,67,0,1,0,0,0,0,0,0
1982,141,66,58,-14,7,66,361,1,4,52,0,0,0,0,0,0,0,1
1994,115,39,62,-12,91,44,196,68,4,57,0,0,0,0,0,1,0,0
2013,120,60,85,-5,8,84,264,0,4,76,0,0,0,0,0,0,1,0
2017,118,89,76,-4,85,72,358,8,7,69,0,0,0,1,0,0,0,0
